ComplexName,AmenityID,AmenityName
One90 Gateway,1,Dog & Cat Friendly
One90 Gateway,2,Fitness Center
One90 Gateway,3,Pool
One90 Gateway,4,Tub / Shower
One90 Gateway,5,Controlled Access
One90 Gateway,6,Elevator
One90 Gateway,7,Washer & Dryer Hookups
One90 Gateway,8,Smoke Free
The Dayton,1,Dog & Cat Friendly
The Dayton,2,Fitness Center
The Dayton,3,Pool
The Dayton,9,In Unit Washer & Dryer
The Dayton,10,Walk-In Closets
The Dayton,11,Stainless Steel Appliances
The Dayton,12,Package Service
The Dayton,13,Tennis
Legacy North,1,Dog & Cat Friendly
Legacy North,2,Fitness Center
Legacy North,3,Pool
Legacy North,14,Dishwasher
Legacy North,15,Refrigerator
Legacy North,16,Kitchen
Legacy North,9,In Unit Washer & Dryer
Legacy North,10,Walk-In Closets
Live Grandscape,1,Dog & Cat Friendly
Live Grandscape,2,Fitness Center
Live Grandscape,3,Pool
Live Grandscape,9,In Unit Washer & Dryer
Live Grandscape,10,Walk-In Closets
Live Grandscape,17,Concierge
Live Grandscape,18,EV Charging
Richmond,1,Dog & Cat Friendly
Richmond,2,Fitness Center
Richmond,3,Pool
Richmond,14,Dishwasher
Richmond,9,In Unit Washer & Dryer
Richmond,10,Walk-In Closets
Richmond,11,Stainless Steel Appliances
Richmond,13,Tennis
Alleia Watters Creek,1,Dog & Cat Friendly
Alleia Watters Creek,2,Fitness Center
Alleia Watters Creek,3,Pool
Alleia Watters Creek,16,Kitchen
Alleia Watters Creek,9,In Unit Washer & Dryer
Alleia Watters Creek,10,Walk-In Closets
Alleia Watters Creek,19,Clubhouse
Alleia Watters Creek,20,Balcony
Alleia Watters Creek,21,Patio
La Ventura Apartments,1,Dog & Cat Friendly
La Ventura Apartments,2,Fitness Center
La Ventura Apartments,3,Pool
La Ventura Apartments,14,Dishwasher
La Ventura Apartments,15,Refrigerator
La Ventura Apartments,16,Kitchen
La Ventura Apartments,9,In Unit Washer & Dryer
La Ventura Apartments,10,Walk-In Closets
Evoke,1,Dog & Cat Friendly
Evoke,2,Fitness Center
Evoke,3,Pool
Evoke,14,Dishwasher
Evoke,15,Refrigerator
Evoke,16,Kitchen
Evoke,9,In Unit Washer & Dryer
Evoke,20,Balcony
The Kincaid at Legacy,1,Dog & Cat Friendly
The Kincaid at Legacy,2,Fitness Center
The Kincaid at Legacy,3,Pool
The Kincaid at Legacy,9,In Unit Washer & Dryer
The Kincaid at Legacy,10,Walk-In Closets
The Kincaid at Legacy,20,Balcony
The Kincaid at Legacy,11,Stainless Steel Appliances
The Kincaid at Legacy,22,Ceiling Fans
The Kincaid at Legacy,5,Controlled Access
The Hathaway At Willow Bend,1,Dog & Cat Friendly
The Hathaway At Willow Bend,2,Fitness Center
The Hathaway At Willow Bend,3,Pool
The Hathaway At Willow Bend,14,Dishwasher
The Hathaway At Willow Bend,15,Refrigerator
The Hathaway At Willow Bend,9,In Unit Washer & Dryer
The Hathaway At Willow Bend,23,Maintenance on site
The Hathaway At Willow Bend,24,Disposal
Tribeca,1,Dog & Cat Friendly
Tribeca,2,Fitness Center
Tribeca,3,Pool
Tribeca,9,In Unit Washer & Dryer
Tribeca,10,Walk-In Closets
Tribeca,19,Clubhouse
Tribeca,20,Balcony
Tribeca,25,Range
Heritage at Lakeside,1,Dog & Cat Friendly
Heritage at Lakeside,2,Fitness Center
Heritage at Lakeside,3,Pool
Heritage at Lakeside,14,Dishwasher
Heritage at Lakeside,15,Refrigerator
Heritage at Lakeside,16,Kitchen
Heritage at Lakeside,10,Walk-In Closets
Heritage at Lakeside,19,Clubhouse
Kia Ora Park Apartments,1,Dog & Cat Friendly
Kia Ora Park Apartments,2,Fitness Center
Kia Ora Park Apartments,3,Pool
Kia Ora Park Apartments,14,Dishwasher
Kia Ora Park Apartments,15,Refrigerator
Kia Ora Park Apartments,16,Kitchen
Kia Ora Park Apartments,9,In Unit Washer & Dryer
Kia Ora Park Apartments,10,Walk-In Closets
Kia Ora Park Apartments,19,Clubhouse
Brooks on Preston,1,Dog & Cat Friendly
Brooks on Preston,2,Fitness Center
Brooks on Preston,14,Dishwasher
Brooks on Preston,16,Kitchen
Brooks on Preston,10,Walk-In Closets
Brooks on Preston,20,Balcony
Brooks on Preston,25,Range
Brooks on Preston,24,Disposal
Estancia At Ridgeview Ranch,1,Dog & Cat Friendly
Estancia At Ridgeview Ranch,2,Fitness Center
Estancia At Ridgeview Ranch,3,Pool
Estancia At Ridgeview Ranch,14,Dishwasher
Estancia At Ridgeview Ranch,15,Refrigerator
Estancia At Ridgeview Ranch,16,Kitchen
Estancia At Ridgeview Ranch,9,In Unit Washer & Dryer
Estancia At Ridgeview Ranch,10,Walk-In Closets
Axis 3700 Apartments,1,Dog & Cat Friendly
Axis 3700 Apartments,2,Fitness Center
Axis 3700 Apartments,3,Pool
Axis 3700 Apartments,14,Dishwasher
Axis 3700 Apartments,15,Refrigerator
Axis 3700 Apartments,16,Kitchen
Axis 3700 Apartments,9,In Unit Washer & Dryer
Axis 3700 Apartments,10,Walk-In Closets
Bel Air Downtown,1,Dog & Cat Friendly
Bel Air Downtown,2,Fitness Center
Bel Air Downtown,3,Pool
Bel Air Downtown,19,Clubhouse
Bel Air Downtown,23,Maintenance on site
Bel Air Downtown,26,Business Center
Bel Air Downtown,5,Controlled Access
Bel Air Downtown,6,Elevator
The Bridge at Heritage Creekside,1,Dog & Cat Friendly
The Bridge at Heritage Creekside,2,Fitness Center
The Bridge at Heritage Creekside,3,Pool
The Bridge at Heritage Creekside,14,Dishwasher
The Bridge at Heritage Creekside,15,Refrigerator
The Bridge at Heritage Creekside,16,Kitchen
The Bridge at Heritage Creekside,9,In Unit Washer & Dryer
The Bridge at Heritage Creekside,10,Walk-In Closets
23Hundred At Ridgeview,1,Dog & Cat Friendly
23Hundred At Ridgeview,2,Fitness Center
23Hundred At Ridgeview,3,Pool
23Hundred At Ridgeview,14,Dishwasher
23Hundred At Ridgeview,15,Refrigerator
23Hundred At Ridgeview,16,Kitchen
23Hundred At Ridgeview,10,Walk-In Closets
23Hundred At Ridgeview,19,Clubhouse
Riachi at One21,1,Dog & Cat Friendly
Riachi at One21,2,Fitness Center
Riachi at One21,3,Pool
Riachi at One21,14,Dishwasher
Riachi at One21,15,Refrigerator
Riachi at One21,16,Kitchen
Riachi at One21,9,In Unit Washer & Dryer
Riachi at One21,10,Walk-In Closets
Legacy Square,1,Dog & Cat Friendly
Legacy Square,2,Fitness Center
Legacy Square,3,Pool
Legacy Square,14,Dishwasher
Legacy Square,15,Refrigerator
Legacy Square,16,Kitchen
Legacy Square,9,In Unit Washer & Dryer
Legacy Square,10,Walk-In Closets
Towns Of Chapel Hill,1,Dog & Cat Friendly
Towns Of Chapel Hill,2,Fitness Center
Towns Of Chapel Hill,3,Pool
Towns Of Chapel Hill,14,Dishwasher
Towns Of Chapel Hill,16,Kitchen
Towns Of Chapel Hill,10,Walk-In Closets
Towns Of Chapel Hill,19,Clubhouse
Towns Of Chapel Hill,20,Balcony
MAA Market Center,1,Dog & Cat Friendly
MAA Market Center,9,In Unit Washer & Dryer
MAA Market Center,20,Balcony
MAA Market Center,11,Stainless Steel Appliances
MAA Market Center,27,Granite Countertops
MAA Market Center,28,Hardwood Floors
MAA Market Center,6,Elevator
The Huntington,1,Dog & Cat Friendly
The Huntington,2,Fitness Center
The Huntington,3,Pool
The Huntington,16,Kitchen
The Huntington,9,In Unit Washer & Dryer
The Huntington,10,Walk-In Closets
The Huntington,19,Clubhouse
The Huntington,20,Balcony
Cortland North Plano,1,Dog & Cat Friendly
Cortland North Plano,2,Fitness Center
Cortland North Plano,3,Pool
Cortland North Plano,19,Clubhouse
Cortland North Plano,23,Maintenance on site
Cortland North Plano,5,Controlled Access
Cortland North Plano,29,Playground
Tides at Plano,1,Dog & Cat Friendly
Tides at Plano,2,Fitness Center
Tides at Plano,3,Pool
Tides at Plano,14,Dishwasher
Tides at Plano,15,Refrigerator
Tides at Plano,9,In Unit Washer & Dryer
Tides at Plano,10,Walk-In Closets
Tides at Plano,19,Clubhouse
The Westside,1,Dog & Cat Friendly
The Westside,2,Fitness Center
The Westside,3,Pool
The Westside,16,Kitchen
The Westside,20,Balcony
The Westside,25,Range
The Westside,30,Heat
The Westside,31,High-Speed Internet
The Westside,32,Oven
MAA Legacy,1,Dog & Cat Friendly
MAA Legacy,9,In Unit Washer & Dryer
MAA Legacy,10,Walk-In Closets
MAA Legacy,20,Balcony
MAA Legacy,31,High-Speed Internet
MAA Legacy,28,Hardwood Floors
MAA Legacy,33,Gated
MAA Legacy,6,Elevator
Preserve at Preston,1,Dog & Cat Friendly
Preserve at Preston,3,Pool
Preserve at Preston,31,High-Speed Internet
Preserve at Preston,11,Stainless Steel Appliances
Preserve at Preston,12,Package Service
Preserve at Preston,27,Granite Countertops
Preserve at Preston,28,Hardwood Floors
Preserve at Preston,7,Washer & Dryer Hookups
Parker Plano,1,Dog & Cat Friendly
Parker Plano,2,Fitness Center
Parker Plano,3,Pool
Parker Plano,14,Dishwasher
Parker Plano,15,Refrigerator
Parker Plano,16,Kitchen
Parker Plano,9,In Unit Washer & Dryer
Parker Plano,10,Walk-In Closets
Hunters Glen,1,Dog & Cat Friendly
Hunters Glen,2,Fitness Center
Hunters Glen,3,Pool
Hunters Glen,14,Dishwasher
Hunters Glen,16,Kitchen
Hunters Glen,9,In Unit Washer & Dryer
Hunters Glen,23,Maintenance on site
Hunters Glen,34,Microwave
Windhaven Park,1,Dog & Cat Friendly
Windhaven Park,2,Fitness Center
Windhaven Park,3,Pool
Windhaven Park,14,Dishwasher
Windhaven Park,15,Refrigerator
Windhaven Park,16,Kitchen
Windhaven Park,9,In Unit Washer & Dryer
Windhaven Park,10,Walk-In Closets
Jada Legacy Central,1,Dog & Cat Friendly
Jada Legacy Central,2,Fitness Center
Jada Legacy Central,3,Pool
Jada Legacy Central,15,Refrigerator
Jada Legacy Central,16,Kitchen
Jada Legacy Central,9,In Unit Washer & Dryer
Jada Legacy Central,10,Walk-In Closets
Jada Legacy Central,19,Clubhouse
Opal Legacy Central,1,Dog & Cat Friendly
Opal Legacy Central,2,Fitness Center
Opal Legacy Central,3,Pool
Opal Legacy Central,15,Refrigerator
Opal Legacy Central,16,Kitchen
Opal Legacy Central,9,In Unit Washer & Dryer
Opal Legacy Central,10,Walk-In Closets
Opal Legacy Central,19,Clubhouse
Opal Legacy Central,25,Range
The Gio Apartments,1,Dog & Cat Friendly
The Gio Apartments,2,Fitness Center
The Gio Apartments,3,Pool
The Gio Apartments,15,Refrigerator
The Gio Apartments,16,Kitchen
The Gio Apartments,9,In Unit Washer & Dryer
The Gio Apartments,10,Walk-In Closets
The Gio Apartments,19,Clubhouse
Legacy Village Apartment Homes,1,Dog & Cat Friendly
Legacy Village Apartment Homes,2,Fitness Center
Legacy Village Apartment Homes,3,Pool
Legacy Village Apartment Homes,14,Dishwasher
Legacy Village Apartment Homes,15,Refrigerator
Legacy Village Apartment Homes,16,Kitchen
Legacy Village Apartment Homes,9,In Unit Washer & Dryer
Legacy Village Apartment Homes,10,Walk-In Closets
1201 Park,1,Dog & Cat Friendly
1201 Park,2,Fitness Center
1201 Park,3,Pool
1201 Park,27,Granite Countertops
Gala at Premier,1,Dog & Cat Friendly
Gala at Premier,2,Fitness Center
Gala at Premier,19,Clubhouse
Gala at Premier,6,Elevator
Gala at Premier,35,Laundry Facilities
Gala at Premier,7,Washer & Dryer Hookups
AMLI Frisco Crossing,1,Dog & Cat Friendly
AMLI Frisco Crossing,2,Fitness Center
AMLI Frisco Crossing,3,Pool
AMLI Frisco Crossing,14,Dishwasher
AMLI Frisco Crossing,15,Refrigerator
AMLI Frisco Crossing,16,Kitchen
AMLI Frisco Crossing,9,In Unit Washer & Dryer
AMLI Frisco Crossing,10,Walk-In Closets
Estates Of Richardson,1,Dog & Cat Friendly
Estates Of Richardson,2,Fitness Center
Estates Of Richardson,3,Pool
Estates Of Richardson,14,Dishwasher
Estates Of Richardson,9,In Unit Washer & Dryer
Estates Of Richardson,19,Clubhouse
Estates Of Richardson,34,Microwave
Estates Of Richardson,31,High-Speed Internet
Bell CityLine I,1,Dog & Cat Friendly
Bell CityLine I,2,Fitness Center
Bell CityLine I,3,Pool
Bell CityLine I,15,Refrigerator
Bell CityLine I,9,In Unit Washer & Dryer
Bell CityLine I,10,Walk-In Closets
Bell CityLine I,19,Clubhouse
Bell CityLine I,20,Balcony
The Lyla,1,Dog & Cat Friendly
The Lyla,2,Fitness Center
The Lyla,3,Pool
The Lyla,14,Dishwasher
The Lyla,15,Refrigerator
The Lyla,16,Kitchen
The Lyla,9,In Unit Washer & Dryer
The Lyla,10,Walk-In Closets
Dallas North Park,1,Dog & Cat Friendly
Dallas North Park,2,Fitness Center
Dallas North Park,3,Pool
Dallas North Park,14,Dishwasher
Dallas North Park,15,Refrigerator
Dallas North Park,16,Kitchen
Dallas North Park,9,In Unit Washer & Dryer
Dallas North Park,10,Walk-In Closets
Essence North Dallas,1,Dog & Cat Friendly
Essence North Dallas,3,Pool
Essence North Dallas,9,In Unit Washer & Dryer
Essence North Dallas,23,Maintenance on site
Essence North Dallas,5,Controlled Access
Essence North Dallas,36,Basketball Court
Inkwell Watters Creek,1,Dog & Cat Friendly
Inkwell Watters Creek,2,Fitness Center
Inkwell Watters Creek,3,Pool
Inkwell Watters Creek,14,Dishwasher
Inkwell Watters Creek,15,Refrigerator
Inkwell Watters Creek,16,Kitchen
Inkwell Watters Creek,9,In Unit Washer & Dryer
Inkwell Watters Creek,10,Walk-In Closets
Origin at Frisco Bridges,1,Dog & Cat Friendly
Origin at Frisco Bridges,2,Fitness Center
Origin at Frisco Bridges,3,Pool
Origin at Frisco Bridges,14,Dishwasher
Origin at Frisco Bridges,15,Refrigerator
Origin at Frisco Bridges,16,Kitchen
Origin at Frisco Bridges,9,In Unit Washer & Dryer
Origin at Frisco Bridges,10,Walk-In Closets
Capitol at Stonebriar,1,Dog & Cat Friendly
Capitol at Stonebriar,2,Fitness Center
Capitol at Stonebriar,3,Pool
Capitol at Stonebriar,14,Dishwasher
Capitol at Stonebriar,15,Refrigerator
Capitol at Stonebriar,16,Kitchen
Capitol at Stonebriar,9,In Unit Washer & Dryer
Capitol at Stonebriar,10,Walk-In Closets
Rancho Palisades,1,Dog & Cat Friendly
Rancho Palisades,3,Pool
Rancho Palisades,9,In Unit Washer & Dryer
Rancho Palisades,27,Granite Countertops
Rancho Palisades,28,Hardwood Floors
Rancho Palisades,37,Office
Rancho Palisades,18,EV Charging
Allure North Dallas,1,Dog & Cat Friendly
Allure North Dallas,2,Fitness Center
Allure North Dallas,3,Pool
Allure North Dallas,9,In Unit Washer & Dryer
Allure North Dallas,19,Clubhouse
Allure North Dallas,31,High-Speed Internet
Allure North Dallas,29,Playground
Anthem Cityline Apartments,1,Dog & Cat Friendly
Anthem Cityline Apartments,2,Fitness Center
Anthem Cityline Apartments,3,Pool
Anthem Cityline Apartments,11,Stainless Steel Appliances
Anthem Cityline Apartments,26,Business Center
Anthem Cityline Apartments,28,Hardwood Floors
Anthem Cityline Apartments,6,Elevator
Cortland Legacy,1,Dog & Cat Friendly
Cortland Legacy,2,Fitness Center
Cortland Legacy,3,Pool
Cortland Legacy,9,In Unit Washer & Dryer
Cortland Legacy,12,Package Service
Cortland Legacy,5,Controlled Access
Cortland Legacy,27,Granite Countertops
Cortland at Stonebriar,1,Dog & Cat Friendly
Cortland at Stonebriar,2,Fitness Center
Cortland at Stonebriar,3,Pool
Cortland at Stonebriar,14,Dishwasher
Cortland at Stonebriar,9,In Unit Washer & Dryer
Cortland at Stonebriar,12,Package Service
Cortland at Stonebriar,5,Controlled Access
Cortland at Stonebriar,27,Granite Countertops
MAA Frisco Bridges,1,Dog & Cat Friendly
MAA Frisco Bridges,9,In Unit Washer & Dryer
MAA Frisco Bridges,31,High-Speed Internet
MAA Frisco Bridges,11,Stainless Steel Appliances
MAA Frisco Bridges,27,Granite Countertops
MAA Frisco Bridges,28,Hardwood Floors
MAA Frisco Bridges,33,Gated
MAA Frisco Bridges,18,EV Charging
Lofts at Watters Creek Apartments,1,Dog & Cat Friendly
Lofts at Watters Creek Apartments,2,Fitness Center
Lofts at Watters Creek Apartments,3,Pool
Lofts at Watters Creek Apartments,14,Dishwasher
Lofts at Watters Creek Apartments,15,Refrigerator
Lofts at Watters Creek Apartments,16,Kitchen
Lofts at Watters Creek Apartments,9,In Unit Washer & Dryer
Lofts at Watters Creek Apartments,10,Walk-In Closets
The Vincent,1,Dog & Cat Friendly
The Vincent,2,Fitness Center
The Vincent,3,Pool
The Vincent,14,Dishwasher
The Vincent,15,Refrigerator
The Vincent,16,Kitchen
The Vincent,9,In Unit Washer & Dryer
The Vincent,10,Walk-In Closets
Tides at Park43,1,Dog & Cat Friendly
Tides at Park43,2,Fitness Center
Tides at Park43,3,Pool
Tides at Park43,14,Dishwasher
Tides at Park43,15,Refrigerator
Tides at Park43,9,In Unit Washer & Dryer
Tides at Park43,19,Clubhouse
Tides at Park43,34,Microwave
Breckinridge Point,1,Dog & Cat Friendly
Breckinridge Point,2,Fitness Center
Breckinridge Point,3,Pool
Breckinridge Point,14,Dishwasher
Breckinridge Point,15,Refrigerator
Breckinridge Point,16,Kitchen
Breckinridge Point,9,In Unit Washer & Dryer
Breckinridge Point,10,Walk-In Closets
Tides on Rosemeade West,1,Dog & Cat Friendly
Tides on Rosemeade West,14,Dishwasher
Tides on Rosemeade West,15,Refrigerator
Tides on Rosemeade West,16,Kitchen
Tides on Rosemeade West,9,In Unit Washer & Dryer
Tides on Rosemeade West,10,Walk-In Closets
Tides on Rosemeade West,19,Clubhouse
Tides on Rosemeade West,25,Range
Tides on Haverwood,1,Dog & Cat Friendly
Tides on Haverwood,2,Fitness Center
Tides on Haverwood,14,Dishwasher
Tides on Haverwood,15,Refrigerator
Tides on Haverwood,9,In Unit Washer & Dryer
Tides on Haverwood,19,Clubhouse
Tides on Haverwood,34,Microwave
Tides on Haverwood,38,CableReady
Cool Springs at Frisco Bridges,1,Dog & Cat Friendly
Cool Springs at Frisco Bridges,2,Fitness Center
Cool Springs at Frisco Bridges,3,Pool
Cool Springs at Frisco Bridges,14,Dishwasher
Cool Springs at Frisco Bridges,15,Refrigerator
Cool Springs at Frisco Bridges,16,Kitchen
Cool Springs at Frisco Bridges,9,In Unit Washer & Dryer
Cool Springs at Frisco Bridges,10,Walk-In Closets
Sutton Place,1,Dog & Cat Friendly
Sutton Place,2,Fitness Center
Sutton Place,3,Pool
Sutton Place,14,Dishwasher
Sutton Place,15,Refrigerator
Sutton Place,16,Kitchen
Sutton Place,9,In Unit Washer & Dryer
Sutton Place,10,Walk-In Closets
The Edge,1,Dog & Cat Friendly
The Edge,2,Fitness Center
The Edge,3,Pool
The Edge,14,Dishwasher
The Edge,15,Refrigerator
The Edge,16,Kitchen
The Edge,9,In Unit Washer & Dryer
The Edge,10,Walk-In Closets
Tides on Rosemeade East,1,Dog & Cat Friendly
Tides on Rosemeade East,3,Pool
Tides on Rosemeade East,14,Dishwasher
Tides on Rosemeade East,15,Refrigerator
Tides on Rosemeade East,23,Maintenance on site
Tides on Rosemeade East,34,Microwave
Tides on Rosemeade East,38,CableReady
Tides on Rosemeade East,31,High-Speed Internet
Tides on McCallum North,1,Dog & Cat Friendly
Tides on McCallum North,3,Pool
Tides on McCallum North,14,Dishwasher
Tides on McCallum North,15,Refrigerator
Tides on McCallum North,9,In Unit Washer & Dryer
Tides on McCallum North,19,Clubhouse
Tides on McCallum North,34,Microwave
Tides on McCallum North,38,CableReady
The Residences of North Dallas,1,Dog & Cat Friendly
The Residences of North Dallas,2,Fitness Center
The Residences of North Dallas,3,Pool
The Residences of North Dallas,14,Dishwasher
The Residences of North Dallas,15,Refrigerator
The Residences of North Dallas,16,Kitchen
The Residences of North Dallas,9,In Unit Washer & Dryer
The Residences of North Dallas,10,Walk-In Closets
Tides on McCallum South,1,Dog & Cat Friendly
Tides on McCallum South,3,Pool
Tides on McCallum South,14,Dishwasher
Tides on McCallum South,15,Refrigerator
Tides on McCallum South,9,In Unit Washer & Dryer
Tides on McCallum South,19,Clubhouse
Tides on McCallum South,34,Microwave
Tides on McCallum South,38,CableReady
The Flatiron District at Austin Ranch,1,Dog & Cat Friendly
The Flatiron District at Austin Ranch,2,Fitness Center
The Flatiron District at Austin Ranch,3,Pool
The Flatiron District at Austin Ranch,14,Dishwasher
The Flatiron District at Austin Ranch,15,Refrigerator
The Flatiron District at Austin Ranch,16,Kitchen
The Flatiron District at Austin Ranch,9,In Unit Washer & Dryer
The Flatiron District at Austin Ranch,10,Walk-In Closets
Creekside at Legacy,1,Dog & Cat Friendly
Creekside at Legacy,2,Fitness Center
Creekside at Legacy,3,Pool
Creekside at Legacy,14,Dishwasher
Creekside at Legacy,15,Refrigerator
Creekside at Legacy,16,Kitchen
Creekside at Legacy,9,In Unit Washer & Dryer
Creekside at Legacy,10,Walk-In Closets
Lakeshore at Preston,1,Dog & Cat Friendly
Lakeshore at Preston,2,Fitness Center
Lakeshore at Preston,3,Pool
Lakeshore at Preston,14,Dishwasher
Lakeshore at Preston,15,Refrigerator
Lakeshore at Preston,16,Kitchen
Lakeshore at Preston,9,In Unit Washer & Dryer
Lakeshore at Preston,10,Walk-In Closets
Wellington at Willow Bend,1,Dog & Cat Friendly
Wellington at Willow Bend,2,Fitness Center
Wellington at Willow Bend,3,Pool
Wellington at Willow Bend,14,Dishwasher
Wellington at Willow Bend,15,Refrigerator
Wellington at Willow Bend,16,Kitchen
Wellington at Willow Bend,9,In Unit Washer & Dryer
Wellington at Willow Bend,10,Walk-In Closets
Bridgemoor @ Plano,1,Dog & Cat Friendly
Bridgemoor @ Plano,2,Fitness Center
Bridgemoor @ Plano,3,Pool
Bridgemoor @ Plano,14,Dishwasher
Bridgemoor @ Plano,15,Refrigerator
Bridgemoor @ Plano,16,Kitchen
Bridgemoor @ Plano,9,In Unit Washer & Dryer
Bridgemoor @ Plano,10,Walk-In Closets
Prestonwood Hills,1,Dog & Cat Friendly
Prestonwood Hills,2,Fitness Center
Prestonwood Hills,3,Pool
Prestonwood Hills,14,Dishwasher
Prestonwood Hills,15,Refrigerator
Prestonwood Hills,16,Kitchen
Prestonwood Hills,9,In Unit Washer & Dryer
Prestonwood Hills,10,Walk-In Closets
Mission Gate,1,Dog & Cat Friendly
Mission Gate,2,Fitness Center
Mission Gate,3,Pool
Mission Gate,14,Dishwasher
Mission Gate,15,Refrigerator
Mission Gate,16,Kitchen
Mission Gate,9,In Unit Washer & Dryer
Mission Gate,10,Walk-In Closets
Woodlands of Plano,1,Dog & Cat Friendly
Woodlands of Plano,2,Fitness Center
Woodlands of Plano,3,Pool
Woodlands of Plano,14,Dishwasher
Woodlands of Plano,15,Refrigerator
Woodlands of Plano,16,Kitchen
Woodlands of Plano,9,In Unit Washer & Dryer
Woodlands of Plano,10,Walk-In Closets
LaSalle,1,Dog & Cat Friendly
LaSalle,2,Fitness Center
LaSalle,3,Pool
LaSalle,14,Dishwasher
LaSalle,15,Refrigerator
LaSalle,16,Kitchen
LaSalle,9,In Unit Washer & Dryer
LaSalle,10,Walk-In Closets
Gramercy on the Park,1,Dog & Cat Friendly
Gramercy on the Park,2,Fitness Center
Gramercy on the Park,3,Pool
Gramercy on the Park,14,Dishwasher
Gramercy on the Park,15,Refrigerator
Gramercy on the Park,16,Kitchen
Gramercy on the Park,9,In Unit Washer & Dryer
Gramercy on the Park,10,Walk-In Closets
Ferro,1,Dog & Cat Friendly
Ferro,2,Fitness Center
Ferro,3,Pool
Ferro,14,Dishwasher
Ferro,15,Refrigerator
Ferro,16,Kitchen
Ferro,9,In Unit Washer & Dryer
Ferro,10,Walk-In Closets
Marquis at Legacy,1,Dog & Cat Friendly
Marquis at Legacy,2,Fitness Center
Marquis at Legacy,3,Pool
Marquis at Legacy,14,Dishwasher
Marquis at Legacy,15,Refrigerator
Marquis at Legacy,16,Kitchen
Marquis at Legacy,9,In Unit Washer & Dryer
Marquis at Legacy,10,Walk-In Closets
Legacy,1,Dog & Cat Friendly
Legacy,2,Fitness Center
Legacy,3,Pool
Legacy,14,Dishwasher
Legacy,15,Refrigerator
Legacy,16,Kitchen
Legacy,9,In Unit Washer & Dryer
Legacy,10,Walk-In Closets
Junction 15,1,Dog & Cat Friendly
Junction 15,2,Fitness Center
Junction 15,3,Pool
Junction 15,14,Dishwasher
Junction 15,15,Refrigerator
Junction 15,16,Kitchen
Junction 15,9,In Unit Washer & Dryer
Junction 15,10,Walk-In Closets
The Encore,1,Dog & Cat Friendly
The Encore,2,Fitness Center
The Encore,3,Pool
The Encore,14,Dishwasher
The Encore,15,Refrigerator
The Encore,16,Kitchen
The Encore,9,In Unit Washer & Dryer
The Encore,10,Walk-In Closets
Old Shepard Place,1,Dog & Cat Friendly
Old Shepard Place,2,Fitness Center
Old Shepard Place,3,Pool
Old Shepard Place,14,Dishwasher
Old Shepard Place,15,Refrigerator
Old Shepard Place,16,Kitchen
Old Shepard Place,9,In Unit Washer & Dryer
Old Shepard Place,10,Walk-In Closets
The Ellington Apartments,1,Dog & Cat Friendly
The Ellington Apartments,2,Fitness Center
The Ellington Apartments,3,Pool
The Ellington Apartments,14,Dishwasher
The Ellington Apartments,15,Refrigerator
The Ellington Apartments,16,Kitchen
The Ellington Apartments,9,In Unit Washer & Dryer
The Ellington Apartments,10,Walk-In Closets
Villas at Legacy,1,Dog & Cat Friendly
Villas at Legacy,2,Fitness Center
Villas at Legacy,3,Pool
Villas at Legacy,14,Dishwasher
Villas at Legacy,15,Refrigerator
Villas at Legacy,16,Kitchen
Villas at Legacy,9,In Unit Washer & Dryer
Villas at Legacy,10,Walk-In Closets
The Point At Deerfield Apartments,1,Dog & Cat Friendly
The Point At Deerfield Apartments,2,Fitness Center
The Point At Deerfield Apartments,3,Pool
The Point At Deerfield Apartments,14,Dishwasher
The Point At Deerfield Apartments,15,Refrigerator
The Point At Deerfield Apartments,16,Kitchen
The Point At Deerfield Apartments,9,In Unit Washer & Dryer
The Point At Deerfield Apartments,10,Walk-In Closets
Colonnade at Willow Bend,1,Dog & Cat Friendly
Colonnade at Willow Bend,2,Fitness Center
Colonnade at Willow Bend,3,Pool
Colonnade at Willow Bend,14,Dishwasher
Colonnade at Willow Bend,15,Refrigerator
Colonnade at Willow Bend,16,Kitchen
Colonnade at Willow Bend,9,In Unit Washer & Dryer
Colonnade at Willow Bend,10,Walk-In Closets
La Costa,1,Dog & Cat Friendly
La Costa,2,Fitness Center
La Costa,3,Pool
La Costa,14,Dishwasher
La Costa,15,Refrigerator
La Costa,16,Kitchen
La Costa,9,In Unit Washer & Dryer
La Costa,10,Walk-In Closets
Evana Grove,1,Dog & Cat Friendly
Evana Grove,2,Fitness Center
Evana Grove,3,Pool
Evana Grove,14,Dishwasher
Evana Grove,15,Refrigerator
Evana Grove,16,Kitchen
Evana Grove,9,In Unit Washer & Dryer
Evana Grove,10,Walk-In Closets
Bel Air Oaks,1,Dog & Cat Friendly
Bel Air Oaks,2,Fitness Center
Bel Air Oaks,3,Pool
Bel Air Oaks,14,Dishwasher
Bel Air Oaks,15,Refrigerator
Bel Air Oaks,16,Kitchen
Bel Air Oaks,9,In Unit Washer & Dryer
Bel Air Oaks,10,Walk-In Closets
Avalon at Chase Oaks,1,Dog & Cat Friendly
Avalon at Chase Oaks,2,Fitness Center
Avalon at Chase Oaks,3,Pool
Avalon at Chase Oaks,14,Dishwasher
Avalon at Chase Oaks,15,Refrigerator
Avalon at Chase Oaks,16,Kitchen
Avalon at Chase Oaks,9,In Unit Washer & Dryer
Avalon at Chase Oaks,10,Walk-In Closets
Latitude,1,Dog & Cat Friendly
Latitude,2,Fitness Center
Latitude,3,Pool
Latitude,14,Dishwasher
Latitude,15,Refrigerator
Latitude,16,Kitchen
Latitude,9,In Unit Washer & Dryer
Latitude,10,Walk-In Closets
Legends at Chase Oaks,1,Dog & Cat Friendly
Legends at Chase Oaks,2,Fitness Center
Legends at Chase Oaks,3,Pool
Legends at Chase Oaks,14,Dishwasher
Legends at Chase Oaks,15,Refrigerator
Legends at Chase Oaks,16,Kitchen
Legends at Chase Oaks,9,In Unit Washer & Dryer
Legends at Chase Oaks,10,Walk-In Closets
Collin Creek,1,Dog & Cat Friendly
Collin Creek,2,Fitness Center
Collin Creek,3,Pool
Collin Creek,14,Dishwasher
Collin Creek,15,Refrigerator
Collin Creek,16,Kitchen
Collin Creek,9,In Unit Washer & Dryer
Collin Creek,10,Walk-In Closets
Ranch At Ridgeview,1,Dog & Cat Friendly
Ranch At Ridgeview,2,Fitness Center
Ranch At Ridgeview,3,Pool
Ranch At Ridgeview,14,Dishwasher
Ranch At Ridgeview,15,Refrigerator
Ranch At Ridgeview,16,Kitchen
Ranch At Ridgeview,9,In Unit Washer & Dryer
Ranch At Ridgeview,10,Walk-In Closets
The Fairway,1,Dog & Cat Friendly
The Fairway,2,Fitness Center
The Fairway,3,Pool
The Fairway,14,Dishwasher
The Fairway,15,Refrigerator
The Fairway,16,Kitchen
The Fairway,9,In Unit Washer & Dryer
The Fairway,10,Walk-In Closets
Thornbury at Chase Oaks,1,Dog & Cat Friendly
Thornbury at Chase Oaks,2,Fitness Center
Thornbury at Chase Oaks,3,Pool
Thornbury at Chase Oaks,14,Dishwasher
Thornbury at Chase Oaks,15,Refrigerator
Thornbury at Chase Oaks,16,Kitchen
Thornbury at Chase Oaks,9,In Unit Washer & Dryer
Thornbury at Chase Oaks,10,Walk-In Closets
Spring Pointe,1,Dog & Cat Friendly
Spring Pointe,2,Fitness Center
Spring Pointe,3,Pool
Spring Pointe,14,Dishwasher
Spring Pointe,15,Refrigerator
Spring Pointe,16,Kitchen
Spring Pointe,9,In Unit Washer & Dryer
Spring Pointe,10,Walk-In Closets
4804 Haverwood,1,Dog & Cat Friendly
4804 Haverwood,2,Fitness Center
4804 Haverwood,3,Pool
4804 Haverwood,14,Dishwasher
4804 Haverwood,15,Refrigerator
4804 Haverwood,16,Kitchen
4804 Haverwood,9,In Unit Washer & Dryer
4804 Haverwood,10,Walk-In Closets
Riley,1,Dog & Cat Friendly
Riley,2,Fitness Center
Riley,3,Pool
Riley,14,Dishwasher
Riley,15,Refrigerator
Riley,16,Kitchen
Riley,9,In Unit Washer & Dryer
Riley,10,Walk-In Closets
Landmark at Gleneagles Apartment Homes,1,Dog & Cat Friendly
Landmark at Gleneagles Apartment Homes,2,Fitness Center
Landmark at Gleneagles Apartment Homes,3,Pool
Landmark at Gleneagles Apartment Homes,14,Dishwasher
Landmark at Gleneagles Apartment Homes,15,Refrigerator
Landmark at Gleneagles Apartment Homes,16,Kitchen
Landmark at Gleneagles Apartment Homes,9,In Unit Washer & Dryer
Landmark at Gleneagles Apartment Homes,10,Walk-In Closets
AMLI at the Ballpark,1,Dog & Cat Friendly
AMLI at the Ballpark,2,Fitness Center
AMLI at the Ballpark,3,Pool
AMLI at the Ballpark,14,Dishwasher
AMLI at the Ballpark,15,Refrigerator
AMLI at the Ballpark,16,Kitchen
AMLI at the Ballpark,9,In Unit Washer & Dryer
AMLI at the Ballpark,10,Walk-In Closets
Preston Bend,1,Dog & Cat Friendly
Preston Bend,2,Fitness Center
Preston Bend,3,Pool
Preston Bend,14,Dishwasher
Preston Bend,15,Refrigerator
Preston Bend,16,Kitchen
Preston Bend,9,In Unit Washer & Dryer
Preston Bend,10,Walk-In Closets
Creekside Townhomes,1,Dog & Cat Friendly
Creekside Townhomes,2,Fitness Center
Creekside Townhomes,3,Pool
Creekside Townhomes,14,Dishwasher
Creekside Townhomes,15,Refrigerator
Creekside Townhomes,16,Kitchen
Creekside Townhomes,9,In Unit Washer & Dryer
Creekside Townhomes,10,Walk-In Closets
The Brixton Apartments,1,Dog & Cat Friendly
The Brixton Apartments,2,Fitness Center
The Brixton Apartments,3,Pool
The Brixton Apartments,14,Dishwasher
The Brixton Apartments,15,Refrigerator
The Brixton Apartments,16,Kitchen
The Brixton Apartments,9,In Unit Washer & Dryer
The Brixton Apartments,10,Walk-In Closets
Vantage at Spring Creek,1,Dog & Cat Friendly
Vantage at Spring Creek,2,Fitness Center
Vantage at Spring Creek,3,Pool
Vantage at Spring Creek,14,Dishwasher
Vantage at Spring Creek,15,Refrigerator
Vantage at Spring Creek,16,Kitchen
Vantage at Spring Creek,9,In Unit Washer & Dryer
Vantage at Spring Creek,10,Walk-In Closets
Sloane Street,1,Dog & Cat Friendly
Sloane Street,2,Fitness Center
Sloane Street,3,Pool
Sloane Street,14,Dishwasher
Sloane Street,15,Refrigerator
Sloane Street,16,Kitchen
Sloane Street,9,In Unit Washer & Dryer
Sloane Street,10,Walk-In Closets
Oaks at North Dallas,1,Dog & Cat Friendly
Oaks at North Dallas,2,Fitness Center
Oaks at North Dallas,3,Pool
Oaks at North Dallas,14,Dishwasher
Oaks at North Dallas,15,Refrigerator
Oaks at North Dallas,16,Kitchen
Oaks at North Dallas,9,In Unit Washer & Dryer
Oaks at North Dallas,10,Walk-In Closets
Marquis at Stonebriar,1,Dog & Cat Friendly
Marquis at Stonebriar,2,Fitness Center
Marquis at Stonebriar,3,Pool
Marquis at Stonebriar,14,Dishwasher
Marquis at Stonebriar,15,Refrigerator
Marquis at Stonebriar,16,Kitchen
Marquis at Stonebriar,9,In Unit Washer & Dryer
Marquis at Stonebriar,10,Walk-In Closets
Bell Stonebriar,1,Dog & Cat Friendly
Bell Stonebriar,2,Fitness Center
Bell Stonebriar,3,Pool
Bell Stonebriar,14,Dishwasher
Bell Stonebriar,15,Refrigerator
Bell Stonebriar,16,Kitchen
Bell Stonebriar,9,In Unit Washer & Dryer
Bell Stonebriar,10,Walk-In Closets
The Hudson,1,Dog & Cat Friendly
The Hudson,2,Fitness Center
The Hudson,3,Pool
The Hudson,14,Dishwasher
The Hudson,15,Refrigerator
The Hudson,16,Kitchen
The Hudson,9,In Unit Washer & Dryer
The Hudson,10,Walk-In Closets
The Atlantic Stonebriar,1,Dog & Cat Friendly
The Atlantic Stonebriar,2,Fitness Center
The Atlantic Stonebriar,3,Pool
The Atlantic Stonebriar,14,Dishwasher
The Atlantic Stonebriar,15,Refrigerator
The Atlantic Stonebriar,16,Kitchen
The Atlantic Stonebriar,9,In Unit Washer & Dryer
The Atlantic Stonebriar,10,Walk-In Closets
Wimberly,1,Dog & Cat Friendly
Wimberly,2,Fitness Center
Wimberly,3,Pool
Wimberly,14,Dishwasher
Wimberly,15,Refrigerator
Wimberly,16,Kitchen
Wimberly,9,In Unit Washer & Dryer
Wimberly,10,Walk-In Closets
Marquis at Waterview,1,Dog & Cat Friendly
Marquis at Waterview,2,Fitness Center
Marquis at Waterview,3,Pool
Marquis at Waterview,14,Dishwasher
Marquis at Waterview,15,Refrigerator
Marquis at Waterview,16,Kitchen
Marquis at Waterview,9,In Unit Washer & Dryer
Marquis at Waterview,10,Walk-In Closets
Summit at Stonebriar,1,Dog & Cat Friendly
Summit at Stonebriar,2,Fitness Center
Summit at Stonebriar,3,Pool
Summit at Stonebriar,14,Dishwasher
Summit at Stonebriar,15,Refrigerator
Summit at Stonebriar,16,Kitchen
Summit at Stonebriar,9,In Unit Washer & Dryer
Summit at Stonebriar,10,Walk-In Closets
The Flats at Palisades Apartments,1,Dog & Cat Friendly
The Flats at Palisades Apartments,2,Fitness Center
The Flats at Palisades Apartments,3,Pool
The Flats at Palisades Apartments,14,Dishwasher
The Flats at Palisades Apartments,15,Refrigerator
The Flats at Palisades Apartments,16,Kitchen
The Flats at Palisades Apartments,9,In Unit Washer & Dryer
The Flats at Palisades Apartments,10,Walk-In Closets
Canterbury Courts,1,Dog & Cat Friendly
Canterbury Courts,2,Fitness Center
Canterbury Courts,3,Pool
Canterbury Courts,14,Dishwasher
Canterbury Courts,15,Refrigerator
Canterbury Courts,16,Kitchen
Canterbury Courts,9,In Unit Washer & Dryer
Canterbury Courts,10,Walk-In Closets
Arise Craig Ranch,1,Dog & Cat Friendly
Arise Craig Ranch,2,Fitness Center
Arise Craig Ranch,3,Pool
Arise Craig Ranch,14,Dishwasher
Arise Craig Ranch,15,Refrigerator
Arise Craig Ranch,16,Kitchen
Arise Craig Ranch,9,In Unit Washer & Dryer
Arise Craig Ranch,10,Walk-In Closets
Reserve at Spring Creek,1,Dog & Cat Friendly
Reserve at Spring Creek,2,Fitness Center
Reserve at Spring Creek,3,Pool
Reserve at Spring Creek,14,Dishwasher
Reserve at Spring Creek,15,Refrigerator
Reserve at Spring Creek,16,Kitchen
Reserve at Spring Creek,9,In Unit Washer & Dryer
Reserve at Spring Creek,10,Walk-In Closets
Cyan Craig Ranch Apartments,1,Dog & Cat Friendly
Cyan Craig Ranch Apartments,2,Fitness Center
Cyan Craig Ranch Apartments,3,Pool
Cyan Craig Ranch Apartments,14,Dishwasher
Cyan Craig Ranch Apartments,15,Refrigerator
Cyan Craig Ranch Apartments,16,Kitchen
Cyan Craig Ranch Apartments,9,In Unit Washer & Dryer
Cyan Craig Ranch Apartments,10,Walk-In Closets
The Pearl On Frankford,1,Dog & Cat Friendly
The Pearl On Frankford,2,Fitness Center
The Pearl On Frankford,3,Pool
The Pearl On Frankford,14,Dishwasher
The Pearl On Frankford,15,Refrigerator
The Pearl On Frankford,16,Kitchen
The Pearl On Frankford,9,In Unit Washer & Dryer
The Pearl On Frankford,10,Walk-In Closets
Republic House At Frisco Bridges,1,Dog & Cat Friendly
Republic House At Frisco Bridges,2,Fitness Center
Republic House At Frisco Bridges,3,Pool
Republic House At Frisco Bridges,14,Dishwasher
Republic House At Frisco Bridges,15,Refrigerator
Republic House At Frisco Bridges,16,Kitchen
Republic House At Frisco Bridges,9,In Unit Washer & Dryer
Republic House At Frisco Bridges,10,Walk-In Closets
Palencia,1,Dog & Cat Friendly
Palencia,2,Fitness Center
Palencia,3,Pool
Palencia,14,Dishwasher
Palencia,15,Refrigerator
Palencia,16,Kitchen
Palencia,9,In Unit Washer & Dryer
Palencia,10,Walk-In Closets
Champions of North Dallas Affordable Apart...,1,Dog & Cat Friendly
Champions of North Dallas Affordable Apart...,2,Fitness Center
Champions of North Dallas Affordable Apart...,3,Pool
Champions of North Dallas Affordable Apart...,14,Dishwasher
Champions of North Dallas Affordable Apart...,15,Refrigerator
Champions of North Dallas Affordable Apart...,16,Kitchen
Champions of North Dallas Affordable Apart...,9,In Unit Washer & Dryer
Champions of North Dallas Affordable Apart...,10,Walk-In Closets
McDermott Crossing,1,Dog & Cat Friendly
McDermott Crossing,2,Fitness Center
McDermott Crossing,3,Pool
McDermott Crossing,14,Dishwasher
McDermott Crossing,15,Refrigerator
McDermott Crossing,16,Kitchen
McDermott Crossing,9,In Unit Washer & Dryer
McDermott Crossing,10,Walk-In Closets
Cortland West Plano,1,Dog & Cat Friendly
Cortland West Plano,2,Fitness Center
Cortland West Plano,3,Pool
Cortland West Plano,14,Dishwasher
Cortland West Plano,15,Refrigerator
Cortland West Plano,16,Kitchen
Cortland West Plano,9,In Unit Washer & Dryer
Cortland West Plano,10,Walk-In Closets
Bellevue Spring Creek,1,Dog & Cat Friendly
Bellevue Spring Creek,2,Fitness Center
Bellevue Spring Creek,3,Pool
Bellevue Spring Creek,14,Dishwasher
Bellevue Spring Creek,15,Refrigerator
Bellevue Spring Creek,16,Kitchen
Bellevue Spring Creek,9,In Unit Washer & Dryer
Bellevue Spring Creek,10,Walk-In Closets
"Atlas Point at Prestonwood, 55+ Apartments",1,Dog & Cat Friendly
"Atlas Point at Prestonwood, 55+ Apartments",2,Fitness Center
"Atlas Point at Prestonwood, 55+ Apartments",3,Pool
"Atlas Point at Prestonwood, 55+ Apartments",14,Dishwasher
"Atlas Point at Prestonwood, 55+ Apartments",15,Refrigerator
"Atlas Point at Prestonwood, 55+ Apartments",16,Kitchen
"Atlas Point at Prestonwood, 55+ Apartments",9,In Unit Washer & Dryer
"Atlas Point at Prestonwood, 55+ Apartments",10,Walk-In Closets
The Boat House,1,Dog & Cat Friendly
The Boat House,2,Fitness Center
The Boat House,3,Pool
The Boat House,14,Dishwasher
The Boat House,15,Refrigerator
The Boat House,16,Kitchen
The Boat House,9,In Unit Washer & Dryer
The Boat House,10,Walk-In Closets
Presidio Apartment Homes,1,Dog & Cat Friendly
Presidio Apartment Homes,2,Fitness Center
Presidio Apartment Homes,3,Pool
Presidio Apartment Homes,14,Dishwasher
Presidio Apartment Homes,15,Refrigerator
Presidio Apartment Homes,16,Kitchen
Presidio Apartment Homes,9,In Unit Washer & Dryer
Presidio Apartment Homes,10,Walk-In Closets
The Standard At Cityline,1,Dog & Cat Friendly
The Standard At Cityline,2,Fitness Center
The Standard At Cityline,3,Pool
The Standard At Cityline,14,Dishwasher
The Standard At Cityline,15,Refrigerator
The Standard At Cityline,16,Kitchen
The Standard At Cityline,9,In Unit Washer & Dryer
The Standard At Cityline,10,Walk-In Closets
Clearwater Creek,1,Dog & Cat Friendly
Clearwater Creek,2,Fitness Center
Clearwater Creek,3,Pool
Clearwater Creek,14,Dishwasher
Clearwater Creek,15,Refrigerator
Clearwater Creek,16,Kitchen
Clearwater Creek,9,In Unit Washer & Dryer
Clearwater Creek,10,Walk-In Closets
Settler's Gate,1,Dog & Cat Friendly
Settler's Gate,2,Fitness Center
Settler's Gate,3,Pool
Settler's Gate,14,Dishwasher
Settler's Gate,15,Refrigerator
Settler's Gate,16,Kitchen
Settler's Gate,9,In Unit Washer & Dryer
Settler's Gate,10,Walk-In Closets
SYNC CityLine,1,Dog & Cat Friendly
SYNC CityLine,2,Fitness Center
SYNC CityLine,3,Pool
SYNC CityLine,14,Dishwasher
SYNC CityLine,15,Refrigerator
SYNC CityLine,16,Kitchen
SYNC CityLine,9,In Unit Washer & Dryer
SYNC CityLine,10,Walk-In Closets
Thousand Oaks at Austin Ranch,1,Dog & Cat Friendly
Thousand Oaks at Austin Ranch,2,Fitness Center
Thousand Oaks at Austin Ranch,3,Pool
Thousand Oaks at Austin Ranch,14,Dishwasher
Thousand Oaks at Austin Ranch,15,Refrigerator
Thousand Oaks at Austin Ranch,16,Kitchen
Thousand Oaks at Austin Ranch,9,In Unit Washer & Dryer
Thousand Oaks at Austin Ranch,10,Walk-In Closets
Trails at Creekside,1,Dog & Cat Friendly
Trails at Creekside,2,Fitness Center
Trails at Creekside,3,Pool
Trails at Creekside,14,Dishwasher
Trails at Creekside,15,Refrigerator
Trails at Creekside,16,Kitchen
Trails at Creekside,9,In Unit Washer & Dryer
Trails at Creekside,10,Walk-In Closets
The Landing at McCallum,1,Dog & Cat Friendly
The Landing at McCallum,2,Fitness Center
The Landing at McCallum,3,Pool
The Landing at McCallum,14,Dishwasher
The Landing at McCallum,15,Refrigerator
The Landing at McCallum,16,Kitchen
The Landing at McCallum,9,In Unit Washer & Dryer
The Landing at McCallum,10,Walk-In Closets
Orchards Market Plaza 55+ Active Senior Li...,1,Dog & Cat Friendly
Orchards Market Plaza 55+ Active Senior Li...,2,Fitness Center
Orchards Market Plaza 55+ Active Senior Li...,3,Pool
Orchards Market Plaza 55+ Active Senior Li...,14,Dishwasher
Orchards Market Plaza 55+ Active Senior Li...,15,Refrigerator
Orchards Market Plaza 55+ Active Senior Li...,16,Kitchen
Orchards Market Plaza 55+ Active Senior Li...,9,In Unit Washer & Dryer
Orchards Market Plaza 55+ Active Senior Li...,10,Walk-In Closets
Instrata,1,Dog & Cat Friendly
Instrata,2,Fitness Center
Instrata,3,Pool
Instrata,14,Dishwasher
Instrata,15,Refrigerator
Instrata,16,Kitchen
Instrata,9,In Unit Washer & Dryer
Instrata,10,Walk-In Closets
The Livingston,1,Dog & Cat Friendly
The Livingston,2,Fitness Center
The Livingston,3,Pool
The Livingston,14,Dishwasher
The Livingston,15,Refrigerator
The Livingston,16,Kitchen
The Livingston,9,In Unit Washer & Dryer
The Livingston,10,Walk-In Closets
Waterford on the Meadow,1,Dog & Cat Friendly
Waterford on the Meadow,2,Fitness Center
Waterford on the Meadow,3,Pool
Waterford on the Meadow,14,Dishwasher
Waterford on the Meadow,15,Refrigerator
Waterford on the Meadow,16,Kitchen
Waterford on the Meadow,9,In Unit Washer & Dryer
Waterford on the Meadow,10,Walk-In Closets
Overture Plano 55+ Active Adult Apartment ...,1,Dog & Cat Friendly
Overture Plano 55+ Active Adult Apartment ...,2,Fitness Center
Overture Plano 55+ Active Adult Apartment ...,3,Pool
Overture Plano 55+ Active Adult Apartment ...,14,Dishwasher
Overture Plano 55+ Active Adult Apartment ...,15,Refrigerator
Overture Plano 55+ Active Adult Apartment ...,16,Kitchen
Overture Plano 55+ Active Adult Apartment ...,9,In Unit Washer & Dryer
Overture Plano 55+ Active Adult Apartment ...,10,Walk-In Closets
MAA Highwood,1,Dog & Cat Friendly
MAA Highwood,2,Fitness Center
MAA Highwood,3,Pool
MAA Highwood,14,Dishwasher
MAA Highwood,15,Refrigerator
MAA Highwood,16,Kitchen
MAA Highwood,9,In Unit Washer & Dryer
MAA Highwood,10,Walk-In Closets
Chisholm Place,1,Dog & Cat Friendly
Chisholm Place,2,Fitness Center
Chisholm Place,3,Pool
Chisholm Place,14,Dishwasher
Chisholm Place,15,Refrigerator
Chisholm Place,16,Kitchen
Chisholm Place,9,In Unit Washer & Dryer
Chisholm Place,10,Walk-In Closets
Sheridan Park at Spring Creek,1,Dog & Cat Friendly
Sheridan Park at Spring Creek,2,Fitness Center
Sheridan Park at Spring Creek,3,Pool
Sheridan Park at Spring Creek,14,Dishwasher
Sheridan Park at Spring Creek,15,Refrigerator
Sheridan Park at Spring Creek,16,Kitchen
Sheridan Park at Spring Creek,9,In Unit Washer & Dryer
Sheridan Park at Spring Creek,10,Walk-In Closets
Creekside Village Apartments,1,Dog & Cat Friendly
Creekside Village Apartments,2,Fitness Center
Creekside Village Apartments,3,Pool
Creekside Village Apartments,14,Dishwasher
Creekside Village Apartments,15,Refrigerator
Creekside Village Apartments,16,Kitchen
Creekside Village Apartments,9,In Unit Washer & Dryer
Creekside Village Apartments,10,Walk-In Closets
Villas of Spring Creek,1,Dog & Cat Friendly
Villas of Spring Creek,2,Fitness Center
Villas of Spring Creek,3,Pool
Villas of Spring Creek,14,Dishwasher
Villas of Spring Creek,15,Refrigerator
Villas of Spring Creek,16,Kitchen
Villas of Spring Creek,9,In Unit Washer & Dryer
Villas of Spring Creek,10,Walk-In Closets
Summers Crossing Apartments,1,Dog & Cat Friendly
Summers Crossing Apartments,2,Fitness Center
Summers Crossing Apartments,3,Pool
Summers Crossing Apartments,14,Dishwasher
Summers Crossing Apartments,15,Refrigerator
Summers Crossing Apartments,16,Kitchen
Summers Crossing Apartments,9,In Unit Washer & Dryer
Summers Crossing Apartments,10,Walk-In Closets
Waters Edge,1,Dog & Cat Friendly
Waters Edge,2,Fitness Center
Waters Edge,3,Pool
Waters Edge,14,Dishwasher
Waters Edge,15,Refrigerator
Waters Edge,16,Kitchen
Waters Edge,9,In Unit Washer & Dryer
Waters Edge,10,Walk-In Closets
The Lydian,1,Dog & Cat Friendly
The Lydian,2,Fitness Center
The Lydian,3,Pool
The Lydian,14,Dishwasher
The Lydian,15,Refrigerator
The Lydian,16,Kitchen
The Lydian,9,In Unit Washer & Dryer
The Lydian,10,Walk-In Closets
Gateway Crossing Apartments,1,Dog & Cat Friendly
Gateway Crossing Apartments,2,Fitness Center
Gateway Crossing Apartments,3,Pool
Gateway Crossing Apartments,14,Dishwasher
Gateway Crossing Apartments,15,Refrigerator
Gateway Crossing Apartments,16,Kitchen
Gateway Crossing Apartments,9,In Unit Washer & Dryer
Gateway Crossing Apartments,10,Walk-In Closets
Carrington Park,1,Dog & Cat Friendly
Carrington Park,2,Fitness Center
Carrington Park,3,Pool
Carrington Park,14,Dishwasher
Carrington Park,15,Refrigerator
Carrington Park,16,Kitchen
Carrington Park,9,In Unit Washer & Dryer
Carrington Park,10,Walk-In Closets
Aura One90,1,Dog & Cat Friendly
Aura One90,2,Fitness Center
Aura One90,3,Pool
Aura One90,14,Dishwasher
Aura One90,15,Refrigerator
Aura One90,16,Kitchen
Aura One90,9,In Unit Washer & Dryer
Aura One90,10,Walk-In Closets
Langdon at Spring Creek,1,Dog & Cat Friendly
Langdon at Spring Creek,2,Fitness Center
Langdon at Spring Creek,3,Pool
Langdon at Spring Creek,14,Dishwasher
Langdon at Spring Creek,15,Refrigerator
Langdon at Spring Creek,16,Kitchen
Langdon at Spring Creek,9,In Unit Washer & Dryer
Langdon at Spring Creek,10,Walk-In Closets
Custer Park,1,Dog & Cat Friendly
Custer Park,2,Fitness Center
Custer Park,3,Pool
Custer Park,14,Dishwasher
Custer Park,15,Refrigerator
Custer Park,16,Kitchen
Custer Park,9,In Unit Washer & Dryer
Custer Park,10,Walk-In Closets
Windsor Metro West,1,Dog & Cat Friendly
Windsor Metro West,2,Fitness Center
Windsor Metro West,3,Pool
Windsor Metro West,14,Dishwasher
Windsor Metro West,15,Refrigerator
Windsor Metro West,16,Kitchen
Windsor Metro West,9,In Unit Washer & Dryer
Windsor Metro West,10,Walk-In Closets
MAA Los Rios,1,Dog & Cat Friendly
MAA Los Rios,2,Fitness Center
MAA Los Rios,3,Pool
MAA Los Rios,14,Dishwasher
MAA Los Rios,15,Refrigerator
MAA Los Rios,16,Kitchen
MAA Los Rios,9,In Unit Washer & Dryer
MAA Los Rios,10,Walk-In Closets
The Leighton,1,Dog & Cat Friendly
The Leighton,2,Fitness Center
The Leighton,3,Pool
The Leighton,14,Dishwasher
The Leighton,15,Refrigerator
The Leighton,16,Kitchen
The Leighton,9,In Unit Washer & Dryer
The Leighton,10,Walk-In Closets
Greenbriar Apartments,1,Dog & Cat Friendly
Greenbriar Apartments,2,Fitness Center
Greenbriar Apartments,3,Pool
Greenbriar Apartments,14,Dishwasher
Greenbriar Apartments,15,Refrigerator
Greenbriar Apartments,16,Kitchen
Greenbriar Apartments,9,In Unit Washer & Dryer
Greenbriar Apartments,10,Walk-In Closets
Cross Creek,1,Dog & Cat Friendly
Cross Creek,2,Fitness Center
Cross Creek,3,Pool
Cross Creek,14,Dishwasher
Cross Creek,15,Refrigerator
Cross Creek,16,Kitchen
Cross Creek,9,In Unit Washer & Dryer
Cross Creek,10,Walk-In Closets
K Avenue Lofts,1,Dog & Cat Friendly
K Avenue Lofts,2,Fitness Center
K Avenue Lofts,3,Pool
K Avenue Lofts,14,Dishwasher
K Avenue Lofts,15,Refrigerator
K Avenue Lofts,16,Kitchen
K Avenue Lofts,9,In Unit Washer & Dryer
K Avenue Lofts,10,Walk-In Closets
The Pradera,1,Dog & Cat Friendly
The Pradera,2,Fitness Center
The Pradera,3,Pool
The Pradera,14,Dishwasher
The Pradera,15,Refrigerator
The Pradera,16,Kitchen
The Pradera,9,In Unit Washer & Dryer
The Pradera,10,Walk-In Closets
The Montgomery,1,Dog & Cat Friendly
The Montgomery,2,Fitness Center
The Montgomery,3,Pool
The Montgomery,14,Dishwasher
The Montgomery,15,Refrigerator
The Montgomery,16,Kitchen
The Montgomery,9,In Unit Washer & Dryer
The Montgomery,10,Walk-In Closets
Wylder Square,1,Dog & Cat Friendly
Wylder Square,2,Fitness Center
Wylder Square,3,Pool
Wylder Square,14,Dishwasher
Wylder Square,15,Refrigerator
Wylder Square,16,Kitchen
Wylder Square,9,In Unit Washer & Dryer
Wylder Square,10,Walk-In Closets
Foundation at Cityline,1,Dog & Cat Friendly
Foundation at Cityline,2,Fitness Center
Foundation at Cityline,3,Pool
Foundation at Cityline,14,Dishwasher
Foundation at Cityline,15,Refrigerator
Foundation at Cityline,16,Kitchen
Foundation at Cityline,9,In Unit Washer & Dryer
Foundation at Cityline,10,Walk-In Closets
Avenues at Carrollton,1,Dog & Cat Friendly
Avenues at Carrollton,2,Fitness Center
Avenues at Carrollton,3,Pool
Avenues at Carrollton,14,Dishwasher
Avenues at Carrollton,15,Refrigerator
Avenues at Carrollton,16,Kitchen
Avenues at Carrollton,9,In Unit Washer & Dryer
Avenues at Carrollton,10,Walk-In Closets
Windsor Mustang Park,1,Dog & Cat Friendly
Windsor Mustang Park,2,Fitness Center
Windsor Mustang Park,3,Pool
Windsor Mustang Park,14,Dishwasher
Windsor Mustang Park,15,Refrigerator
Windsor Mustang Park,16,Kitchen
Windsor Mustang Park,9,In Unit Washer & Dryer
Windsor Mustang Park,10,Walk-In Closets
Windsor CityLine,1,Dog & Cat Friendly
Windsor CityLine,2,Fitness Center
Windsor CityLine,3,Pool
Windsor CityLine,14,Dishwasher
Windsor CityLine,15,Refrigerator
Windsor CityLine,16,Kitchen
Windsor CityLine,9,In Unit Washer & Dryer
Windsor CityLine,10,Walk-In Closets
Chatham Court and Reflections,1,Dog & Cat Friendly
Chatham Court and Reflections,2,Fitness Center
Chatham Court and Reflections,3,Pool
Chatham Court and Reflections,14,Dishwasher
Chatham Court and Reflections,15,Refrigerator
Chatham Court and Reflections,16,Kitchen
Chatham Court and Reflections,9,In Unit Washer & Dryer
Chatham Court and Reflections,10,Walk-In Closets
Axis 110,1,Dog & Cat Friendly
Axis 110,2,Fitness Center
Axis 110,3,Pool
Axis 110,14,Dishwasher
Axis 110,15,Refrigerator
Axis 110,16,Kitchen
Axis 110,9,In Unit Washer & Dryer
Axis 110,10,Walk-In Closets
THE REFLECTION AT MONTGOMERY RIDGE,1,Dog & Cat Friendly
THE REFLECTION AT MONTGOMERY RIDGE,2,Fitness Center
THE REFLECTION AT MONTGOMERY RIDGE,3,Pool
THE REFLECTION AT MONTGOMERY RIDGE,14,Dishwasher
THE REFLECTION AT MONTGOMERY RIDGE,15,Refrigerator
THE REFLECTION AT MONTGOMERY RIDGE,16,Kitchen
THE REFLECTION AT MONTGOMERY RIDGE,9,In Unit Washer & Dryer
THE REFLECTION AT MONTGOMERY RIDGE,10,Walk-In Closets
Estancia at Morningstar,1,Dog & Cat Friendly
Estancia at Morningstar,2,Fitness Center
Estancia at Morningstar,3,Pool
Estancia at Morningstar,14,Dishwasher
Estancia at Morningstar,15,Refrigerator
Estancia at Morningstar,16,Kitchen
Estancia at Morningstar,9,In Unit Washer & Dryer
Estancia at Morningstar,10,Walk-In Closets
Villages at Clear Springs,1,Dog & Cat Friendly
Villages at Clear Springs,2,Fitness Center
Villages at Clear Springs,3,Pool
Villages at Clear Springs,14,Dishwasher
Villages at Clear Springs,15,Refrigerator
Villages at Clear Springs,16,Kitchen
Villages at Clear Springs,9,In Unit Washer & Dryer
Villages at Clear Springs,10,Walk-In Closets
Tivoli Apartments,1,Dog & Cat Friendly
Tivoli Apartments,2,Fitness Center
Tivoli Apartments,3,Pool
Tivoli Apartments,14,Dishwasher
Tivoli Apartments,15,Refrigerator
Tivoli Apartments,16,Kitchen
Tivoli Apartments,9,In Unit Washer & Dryer
Tivoli Apartments,10,Walk-In Closets
Veridian Place,1,Dog & Cat Friendly
Veridian Place,2,Fitness Center
Veridian Place,3,Pool
Veridian Place,14,Dishwasher
Veridian Place,15,Refrigerator
Veridian Place,16,Kitchen
Veridian Place,9,In Unit Washer & Dryer
Veridian Place,10,Walk-In Closets
Eagle Creek Apartments,1,Dog & Cat Friendly
Eagle Creek Apartments,2,Fitness Center
Eagle Creek Apartments,3,Pool
Eagle Creek Apartments,14,Dishwasher
Eagle Creek Apartments,15,Refrigerator
Eagle Creek Apartments,16,Kitchen
Eagle Creek Apartments,9,In Unit Washer & Dryer
Eagle Creek Apartments,10,Walk-In Closets
City Limits Apartments,1,Dog & Cat Friendly
City Limits Apartments,2,Fitness Center
City Limits Apartments,3,Pool
City Limits Apartments,14,Dishwasher
City Limits Apartments,15,Refrigerator
City Limits Apartments,16,Kitchen
City Limits Apartments,9,In Unit Washer & Dryer
City Limits Apartments,10,Walk-In Closets
The Versailles Apartments,1,Dog & Cat Friendly
The Versailles Apartments,2,Fitness Center
The Versailles Apartments,3,Pool
The Versailles Apartments,14,Dishwasher
The Versailles Apartments,15,Refrigerator
The Versailles Apartments,16,Kitchen
The Versailles Apartments,9,In Unit Washer & Dryer
The Versailles Apartments,10,Walk-In Closets
7101 Chase Oaks Blvd Unit 932.45862,1,Dog & Cat Friendly
7101 Chase Oaks Blvd Unit 932.45862,2,Fitness Center
7101 Chase Oaks Blvd Unit 932.45862,3,Pool
7101 Chase Oaks Blvd Unit 932.45862,14,Dishwasher
7101 Chase Oaks Blvd Unit 932.45862,15,Refrigerator
7101 Chase Oaks Blvd Unit 932.45862,16,Kitchen
7101 Chase Oaks Blvd Unit 932.45862,9,In Unit Washer & Dryer
7101 Chase Oaks Blvd Unit 932.45862,10,Walk-In Closets
3700 Mapleshade Ln Unit 3063.45537,1,Dog & Cat Friendly
3700 Mapleshade Ln Unit 3063.45537,2,Fitness Center
3700 Mapleshade Ln Unit 3063.45537,3,Pool
3700 Mapleshade Ln Unit 3063.45537,14,Dishwasher
3700 Mapleshade Ln Unit 3063.45537,15,Refrigerator
3700 Mapleshade Ln Unit 3063.45537,16,Kitchen
3700 Mapleshade Ln Unit 3063.45537,9,In Unit Washer & Dryer
3700 Mapleshade Ln Unit 3063.45537,10,Walk-In Closets
3700 Mapleshade Ln Unit 2106.45535,1,Dog & Cat Friendly
3700 Mapleshade Ln Unit 2106.45535,2,Fitness Center
3700 Mapleshade Ln Unit 2106.45535,3,Pool
3700 Mapleshade Ln Unit 2106.45535,14,Dishwasher
3700 Mapleshade Ln Unit 2106.45535,15,Refrigerator
3700 Mapleshade Ln Unit 2106.45535,16,Kitchen
3700 Mapleshade Ln Unit 2106.45535,9,In Unit Washer & Dryer
3700 Mapleshade Ln Unit 2106.45535,10,Walk-In Closets
801 Legacy Dr Unit 2026.37638,1,Dog & Cat Friendly
801 Legacy Dr Unit 2026.37638,2,Fitness Center
801 Legacy Dr Unit 2026.37638,3,Pool
801 Legacy Dr Unit 2026.37638,14,Dishwasher
801 Legacy Dr Unit 2026.37638,15,Refrigerator
801 Legacy Dr Unit 2026.37638,16,Kitchen
801 Legacy Dr Unit 2026.37638,9,In Unit Washer & Dryer
801 Legacy Dr Unit 2026.37638,10,Walk-In Closets
7101 Chase Oaks Blvd Unit 527.234519,1,Dog & Cat Friendly
7101 Chase Oaks Blvd Unit 527.234519,2,Fitness Center
7101 Chase Oaks Blvd Unit 527.234519,3,Pool
7101 Chase Oaks Blvd Unit 527.234519,14,Dishwasher
7101 Chase Oaks Blvd Unit 527.234519,15,Refrigerator
7101 Chase Oaks Blvd Unit 527.234519,16,Kitchen
7101 Chase Oaks Blvd Unit 527.234519,9,In Unit Washer & Dryer
7101 Chase Oaks Blvd Unit 527.234519,10,Walk-In Closets
801 Legacy Dr Unit 2124.37640,1,Dog & Cat Friendly
801 Legacy Dr Unit 2124.37640,2,Fitness Center
801 Legacy Dr Unit 2124.37640,3,Pool
801 Legacy Dr Unit 2124.37640,14,Dishwasher
801 Legacy Dr Unit 2124.37640,15,Refrigerator
801 Legacy Dr Unit 2124.37640,16,Kitchen
801 Legacy Dr Unit 2124.37640,9,In Unit Washer & Dryer
801 Legacy Dr Unit 2124.37640,10,Walk-In Closets
4300 Horizon N Pkwy Unit 0731.26505,1,Dog & Cat Friendly
4300 Horizon N Pkwy Unit 0731.26505,2,Fitness Center
4300 Horizon N Pkwy Unit 0731.26505,3,Pool
4300 Horizon N Pkwy Unit 0731.26505,14,Dishwasher
4300 Horizon N Pkwy Unit 0731.26505,15,Refrigerator
4300 Horizon N Pkwy Unit 0731.26505,16,Kitchen
4300 Horizon N Pkwy Unit 0731.26505,9,In Unit Washer & Dryer
4300 Horizon N Pkwy Unit 0731.26505,10,Walk-In Closets
4300 Horizon N Pkwy Unit 0522.26504,1,Dog & Cat Friendly
4300 Horizon N Pkwy Unit 0522.26504,2,Fitness Center
4300 Horizon N Pkwy Unit 0522.26504,3,Pool
4300 Horizon N Pkwy Unit 0522.26504,14,Dishwasher
4300 Horizon N Pkwy Unit 0522.26504,15,Refrigerator
4300 Horizon N Pkwy Unit 0522.26504,16,Kitchen
4300 Horizon N Pkwy Unit 0522.26504,9,In Unit Washer & Dryer
4300 Horizon N Pkwy Unit 0522.26504,10,Walk-In Closets
4300 Horizon N Pkwy Unit 432.26502,1,Dog & Cat Friendly
4300 Horizon N Pkwy Unit 432.26502,2,Fitness Center
4300 Horizon N Pkwy Unit 432.26502,3,Pool
4300 Horizon N Pkwy Unit 432.26502,14,Dishwasher
4300 Horizon N Pkwy Unit 432.26502,15,Refrigerator
4300 Horizon N Pkwy Unit 432.26502,16,Kitchen
4300 Horizon N Pkwy Unit 432.26502,9,In Unit Washer & Dryer
4300 Horizon N Pkwy Unit 432.26502,10,Walk-In Closets
4300 Horizon N Pkwy Unit 0736.26503,1,Dog & Cat Friendly
4300 Horizon N Pkwy Unit 0736.26503,2,Fitness Center
4300 Horizon N Pkwy Unit 0736.26503,3,Pool
4300 Horizon N Pkwy Unit 0736.26503,14,Dishwasher
4300 Horizon N Pkwy Unit 0736.26503,15,Refrigerator
4300 Horizon N Pkwy Unit 0736.26503,16,Kitchen
4300 Horizon N Pkwy Unit 0736.26503,9,In Unit Washer & Dryer
4300 Horizon N Pkwy Unit 0736.26503,10,Walk-In Closets
18665 Midway Rd Unit 01635.525819,1,Dog & Cat Friendly
18665 Midway Rd Unit 01635.525819,2,Fitness Center
18665 Midway Rd Unit 01635.525819,3,Pool
18665 Midway Rd Unit 01635.525819,14,Dishwasher
18665 Midway Rd Unit 01635.525819,15,Refrigerator
18665 Midway Rd Unit 01635.525819,16,Kitchen
18665 Midway Rd Unit 01635.525819,9,In Unit Washer & Dryer
18665 Midway Rd Unit 01635.525819,10,Walk-In Closets
4849 Haverwood Ln Unit 1114.611513,1,Dog & Cat Friendly
4849 Haverwood Ln Unit 1114.611513,2,Fitness Center
4849 Haverwood Ln Unit 1114.611513,3,Pool
4849 Haverwood Ln Unit 1114.611513,14,Dishwasher
4849 Haverwood Ln Unit 1114.611513,15,Refrigerator
4849 Haverwood Ln Unit 1114.611513,16,Kitchen
4849 Haverwood Ln Unit 1114.611513,9,In Unit Washer & Dryer
4849 Haverwood Ln Unit 1114.611513,10,Walk-In Closets
18665 Midway Rd Unit 03215 .646857,1,Dog & Cat Friendly
18665 Midway Rd Unit 03215 .646857,2,Fitness Center
18665 Midway Rd Unit 03215 .646857,3,Pool
18665 Midway Rd Unit 03215 .646857,14,Dishwasher
18665 Midway Rd Unit 03215 .646857,15,Refrigerator
18665 Midway Rd Unit 03215 .646857,16,Kitchen
18665 Midway Rd Unit 03215 .646857,9,In Unit Washer & Dryer
18665 Midway Rd Unit 03215 .646857,10,Walk-In Closets
Bel Air on 16th,1,Dog & Cat Friendly
Bel Air on 16th,2,Fitness Center
Bel Air on 16th,3,Pool
Bel Air on 16th,14,Dishwasher
Bel Air on 16th,15,Refrigerator
Bel Air on 16th,16,Kitchen
Bel Air on 16th,9,In Unit Washer & Dryer
Bel Air on 16th,10,Walk-In Closets
Morada Plano,1,Dog & Cat Friendly
Morada Plano,2,Fitness Center
Morada Plano,3,Pool
Morada Plano,14,Dishwasher
Morada Plano,15,Refrigerator
Morada Plano,16,Kitchen
Morada Plano,9,In Unit Washer & Dryer
Morada Plano,10,Walk-In Closets
Fox Trails Apartments,1,Dog & Cat Friendly
Fox Trails Apartments,2,Fitness Center
Fox Trails Apartments,3,Pool
Fox Trails Apartments,14,Dishwasher
Fox Trails Apartments,15,Refrigerator
Fox Trails Apartments,16,Kitchen
Fox Trails Apartments,9,In Unit Washer & Dryer
Fox Trails Apartments,10,Walk-In Closets
Windsor at Legacy,1,Dog & Cat Friendly
Windsor at Legacy,2,Fitness Center
Windsor at Legacy,3,Pool
Windsor at Legacy,14,Dishwasher
Windsor at Legacy,15,Refrigerator
Windsor at Legacy,16,Kitchen
Windsor at Legacy,9,In Unit Washer & Dryer
Windsor at Legacy,10,Walk-In Closets
Steeplechase Apartments,1,Dog & Cat Friendly
Steeplechase Apartments,2,Fitness Center
Steeplechase Apartments,3,Pool
Steeplechase Apartments,14,Dishwasher
Steeplechase Apartments,15,Refrigerator
Steeplechase Apartments,16,Kitchen
Steeplechase Apartments,9,In Unit Washer & Dryer
Steeplechase Apartments,10,Walk-In Closets
Plano Park Townhomes,1,Dog & Cat Friendly
Plano Park Townhomes,2,Fitness Center
Plano Park Townhomes,3,Pool
Plano Park Townhomes,14,Dishwasher
Plano Park Townhomes,15,Refrigerator
Plano Park Townhomes,16,Kitchen
Plano Park Townhomes,9,In Unit Washer & Dryer
Plano Park Townhomes,10,Walk-In Closets
Luxia Preston,1,Dog & Cat Friendly
Luxia Preston,2,Fitness Center
Luxia Preston,3,Pool
Luxia Preston,14,Dishwasher
Luxia Preston,15,Refrigerator
Luxia Preston,16,Kitchen
Luxia Preston,9,In Unit Washer & Dryer
Luxia Preston,10,Walk-In Closets
The Grand at Legacy West,1,Dog & Cat Friendly
The Grand at Legacy West,2,Fitness Center
The Grand at Legacy West,3,Pool
The Grand at Legacy West,14,Dishwasher
The Grand at Legacy West,15,Refrigerator
The Grand at Legacy West,16,Kitchen
The Grand at Legacy West,9,In Unit Washer & Dryer
The Grand at Legacy West,10,Walk-In Closets
Windsor Preston,1,Dog & Cat Friendly
Windsor Preston,2,Fitness Center
Windsor Preston,3,Pool
Windsor Preston,14,Dishwasher
Windsor Preston,15,Refrigerator
Windsor Preston,16,Kitchen
Windsor Preston,9,In Unit Washer & Dryer
Windsor Preston,10,Walk-In Closets
Villas of Mission Bend - Senior Living,1,Dog & Cat Friendly
Villas of Mission Bend - Senior Living,2,Fitness Center
Villas of Mission Bend - Senior Living,3,Pool
Villas of Mission Bend - Senior Living,14,Dishwasher
Villas of Mission Bend - Senior Living,15,Refrigerator
Villas of Mission Bend - Senior Living,16,Kitchen
Villas of Mission Bend - Senior Living,9,In Unit Washer & Dryer
Villas of Mission Bend - Senior Living,10,Walk-In Closets
The Register,1,Dog & Cat Friendly
The Register,2,Fitness Center
The Register,3,Pool
The Register,14,Dishwasher
The Register,15,Refrigerator
The Register,16,Kitchen
The Register,9,In Unit Washer & Dryer
The Register,10,Walk-In Closets
Royal Arms,1,Dog & Cat Friendly
Royal Arms,2,Fitness Center
Royal Arms,3,Pool
Royal Arms,14,Dishwasher
Royal Arms,15,Refrigerator
Royal Arms,16,Kitchen
Royal Arms,9,In Unit Washer & Dryer
Royal Arms,10,Walk-In Closets
5765 Bozeman Dr Unit 307.1335781,1,Dog & Cat Friendly
5765 Bozeman Dr Unit 307.1335781,2,Fitness Center
5765 Bozeman Dr Unit 307.1335781,3,Pool
5765 Bozeman Dr Unit 307.1335781,14,Dishwasher
5765 Bozeman Dr Unit 307.1335781,15,Refrigerator
5765 Bozeman Dr Unit 307.1335781,16,Kitchen
5765 Bozeman Dr Unit 307.1335781,9,In Unit Washer & Dryer
5765 Bozeman Dr Unit 307.1335781,10,Walk-In Closets
3700 Mapleshade Ln Unit 42.1335510,1,Dog & Cat Friendly
3700 Mapleshade Ln Unit 42.1335510,2,Fitness Center
3700 Mapleshade Ln Unit 42.1335510,3,Pool
3700 Mapleshade Ln Unit 42.1335510,14,Dishwasher
3700 Mapleshade Ln Unit 42.1335510,15,Refrigerator
3700 Mapleshade Ln Unit 42.1335510,16,Kitchen
3700 Mapleshade Ln Unit 42.1335510,9,In Unit Washer & Dryer
3700 Mapleshade Ln Unit 42.1335510,10,Walk-In Closets
2612 Grandview Dr,1,Dog & Cat Friendly
2612 Grandview Dr,2,Fitness Center
2612 Grandview Dr,3,Pool
2612 Grandview Dr,14,Dishwasher
2612 Grandview Dr,15,Refrigerator
2612 Grandview Dr,16,Kitchen
2612 Grandview Dr,9,In Unit Washer & Dryer
2612 Grandview Dr,10,Walk-In Closets
3820 Clearwater Ct,1,Dog & Cat Friendly
3820 Clearwater Ct,2,Fitness Center
3820 Clearwater Ct,3,Pool
3820 Clearwater Ct,14,Dishwasher
3820 Clearwater Ct,15,Refrigerator
3820 Clearwater Ct,16,Kitchen
3820 Clearwater Ct,9,In Unit Washer & Dryer
3820 Clearwater Ct,10,Walk-In Closets
3700 Mapleshade Ln Unit 1105.3122,1,Dog & Cat Friendly
3700 Mapleshade Ln Unit 1105.3122,2,Fitness Center
3700 Mapleshade Ln Unit 1105.3122,3,Pool
3700 Mapleshade Ln Unit 1105.3122,14,Dishwasher
3700 Mapleshade Ln Unit 1105.3122,15,Refrigerator
3700 Mapleshade Ln Unit 1105.3122,16,Kitchen
3700 Mapleshade Ln Unit 1105.3122,9,In Unit Washer & Dryer
3700 Mapleshade Ln Unit 1105.3122,10,Walk-In Closets
1025 Preston Rd Unit 4004.3857,1,Dog & Cat Friendly
1025 Preston Rd Unit 4004.3857,2,Fitness Center
1025 Preston Rd Unit 4004.3857,3,Pool
1025 Preston Rd Unit 4004.3857,14,Dishwasher
1025 Preston Rd Unit 4004.3857,15,Refrigerator
1025 Preston Rd Unit 4004.3857,16,Kitchen
1025 Preston Rd Unit 4004.3857,9,In Unit Washer & Dryer
1025 Preston Rd Unit 4004.3857,10,Walk-In Closets
3700 Mapleshade Ln Unit 1117.1787,1,Dog & Cat Friendly
3700 Mapleshade Ln Unit 1117.1787,2,Fitness Center
3700 Mapleshade Ln Unit 1117.1787,3,Pool
3700 Mapleshade Ln Unit 1117.1787,14,Dishwasher
3700 Mapleshade Ln Unit 1117.1787,15,Refrigerator
3700 Mapleshade Ln Unit 1117.1787,16,Kitchen
3700 Mapleshade Ln Unit 1117.1787,9,In Unit Washer & Dryer
3700 Mapleshade Ln Unit 1117.1787,10,Walk-In Closets
7101 Chase Oaks Blvd Unit 0525.822954,1,Dog & Cat Friendly
7101 Chase Oaks Blvd Unit 0525.822954,2,Fitness Center
7101 Chase Oaks Blvd Unit 0525.822954,3,Pool
7101 Chase Oaks Blvd Unit 0525.822954,14,Dishwasher
7101 Chase Oaks Blvd Unit 0525.822954,15,Refrigerator
7101 Chase Oaks Blvd Unit 0525.822954,16,Kitchen
7101 Chase Oaks Blvd Unit 0525.822954,9,In Unit Washer & Dryer
7101 Chase Oaks Blvd Unit 0525.822954,10,Walk-In Closets
7101 Chase Oaks Blvd Unit 1134.812057,1,Dog & Cat Friendly
7101 Chase Oaks Blvd Unit 1134.812057,2,Fitness Center
7101 Chase Oaks Blvd Unit 1134.812057,3,Pool
7101 Chase Oaks Blvd Unit 1134.812057,14,Dishwasher
7101 Chase Oaks Blvd Unit 1134.812057,15,Refrigerator
7101 Chase Oaks Blvd Unit 1134.812057,16,Kitchen
7101 Chase Oaks Blvd Unit 1134.812057,9,In Unit Washer & Dryer
7101 Chase Oaks Blvd Unit 1134.812057,10,Walk-In Closets
110 W CityLine Dr Unit 2023.1801,1,Dog & Cat Friendly
110 W CityLine Dr Unit 2023.1801,2,Fitness Center
110 W CityLine Dr Unit 2023.1801,3,Pool
110 W CityLine Dr Unit 2023.1801,14,Dishwasher
110 W CityLine Dr Unit 2023.1801,15,Refrigerator
110 W CityLine Dr Unit 2023.1801,16,Kitchen
110 W CityLine Dr Unit 2023.1801,9,In Unit Washer & Dryer
110 W CityLine Dr Unit 2023.1801,10,Walk-In Closets
4849 Haverwood Ln Unit 1106.34492,1,Dog & Cat Friendly
4849 Haverwood Ln Unit 1106.34492,2,Fitness Center
4849 Haverwood Ln Unit 1106.34492,3,Pool
4849 Haverwood Ln Unit 1106.34492,14,Dishwasher
4849 Haverwood Ln Unit 1106.34492,15,Refrigerator
4849 Haverwood Ln Unit 1106.34492,16,Kitchen
4849 Haverwood Ln Unit 1106.34492,9,In Unit Washer & Dryer
4849 Haverwood Ln Unit 1106.34492,10,Walk-In Closets
5250 Town and Country Blvd Unit 2105.621008,1,Dog & Cat Friendly
5250 Town and Country Blvd Unit 2105.621008,2,Fitness Center
5250 Town and Country Blvd Unit 2105.621008,3,Pool
5250 Town and Country Blvd Unit 2105.621008,14,Dishwasher
5250 Town and Country Blvd Unit 2105.621008,15,Refrigerator
5250 Town and Country Blvd Unit 2105.621008,16,Kitchen
5250 Town and Country Blvd Unit 2105.621008,9,In Unit Washer & Dryer
5250 Town and Country Blvd Unit 2105.621008,10,Walk-In Closets
110 W CityLine Dr Unit 5055.749036,1,Dog & Cat Friendly
110 W CityLine Dr Unit 5055.749036,2,Fitness Center
110 W CityLine Dr Unit 5055.749036,3,Pool
110 W CityLine Dr Unit 5055.749036,14,Dishwasher
110 W CityLine Dr Unit 5055.749036,15,Refrigerator
110 W CityLine Dr Unit 5055.749036,16,Kitchen
110 W CityLine Dr Unit 5055.749036,9,In Unit Washer & Dryer
110 W CityLine Dr Unit 5055.749036,10,Walk-In Closets
110 W CityLine Dr Unit 55.1335505,1,Dog & Cat Friendly
110 W CityLine Dr Unit 55.1335505,2,Fitness Center
110 W CityLine Dr Unit 55.1335505,3,Pool
110 W CityLine Dr Unit 55.1335505,14,Dishwasher
110 W CityLine Dr Unit 55.1335505,15,Refrigerator
110 W CityLine Dr Unit 55.1335505,16,Kitchen
110 W CityLine Dr Unit 55.1335505,9,In Unit Washer & Dryer
110 W CityLine Dr Unit 55.1335505,10,Walk-In Closets
110 W CityLine Dr Unit 50.1335507,1,Dog & Cat Friendly
110 W CityLine Dr Unit 50.1335507,2,Fitness Center
110 W CityLine Dr Unit 50.1335507,3,Pool
110 W CityLine Dr Unit 50.1335507,14,Dishwasher
110 W CityLine Dr Unit 50.1335507,15,Refrigerator
110 W CityLine Dr Unit 50.1335507,16,Kitchen
110 W CityLine Dr Unit 50.1335507,9,In Unit Washer & Dryer
110 W CityLine Dr Unit 50.1335507,10,Walk-In Closets
5225 Town and Country Blvd Unit 461.287052,1,Dog & Cat Friendly
5225 Town and Country Blvd Unit 461.287052,2,Fitness Center
5225 Town and Country Blvd Unit 461.287052,3,Pool
5225 Town and Country Blvd Unit 461.287052,14,Dishwasher
5225 Town and Country Blvd Unit 461.287052,15,Refrigerator
5225 Town and Country Blvd Unit 461.287052,16,Kitchen
5225 Town and Country Blvd Unit 461.287052,9,In Unit Washer & Dryer
5225 Town and Country Blvd Unit 461.287052,10,Walk-In Closets
5225 Town and Country Blvd Unit 318.807,1,Dog & Cat Friendly
5225 Town and Country Blvd Unit 318.807,2,Fitness Center
5225 Town and Country Blvd Unit 318.807,3,Pool
5225 Town and Country Blvd Unit 318.807,14,Dishwasher
5225 Town and Country Blvd Unit 318.807,15,Refrigerator
5225 Town and Country Blvd Unit 318.807,16,Kitchen
5225 Town and Country Blvd Unit 318.807,9,In Unit Washer & Dryer
5225 Town and Country Blvd Unit 318.807,10,Walk-In Closets
110 W CityLine Dr Unit 3023.3135,1,Dog & Cat Friendly
110 W CityLine Dr Unit 3023.3135,2,Fitness Center
110 W CityLine Dr Unit 3023.3135,3,Pool
110 W CityLine Dr Unit 3023.3135,14,Dishwasher
110 W CityLine Dr Unit 3023.3135,15,Refrigerator
110 W CityLine Dr Unit 3023.3135,16,Kitchen
110 W CityLine Dr Unit 3023.3135,9,In Unit Washer & Dryer
110 W CityLine Dr Unit 3023.3135,10,Walk-In Closets
110 W CityLine Dr Unit 73.1335509,1,Dog & Cat Friendly
110 W CityLine Dr Unit 73.1335509,2,Fitness Center
110 W CityLine Dr Unit 73.1335509,3,Pool
110 W CityLine Dr Unit 73.1335509,14,Dishwasher
110 W CityLine Dr Unit 73.1335509,15,Refrigerator
110 W CityLine Dr Unit 73.1335509,16,Kitchen
110 W CityLine Dr Unit 73.1335509,9,In Unit Washer & Dryer
110 W CityLine Dr Unit 73.1335509,10,Walk-In Closets
110 W CityLine Dr Unit 69.1335504,1,Dog & Cat Friendly
110 W CityLine Dr Unit 69.1335504,2,Fitness Center
110 W CityLine Dr Unit 69.1335504,3,Pool
110 W CityLine Dr Unit 69.1335504,14,Dishwasher
110 W CityLine Dr Unit 69.1335504,15,Refrigerator
110 W CityLine Dr Unit 69.1335504,16,Kitchen
110 W CityLine Dr Unit 69.1335504,9,In Unit Washer & Dryer
110 W CityLine Dr Unit 69.1335504,10,Walk-In Closets
120 W CityLine Dr Unit 44.1335600,1,Dog & Cat Friendly
120 W CityLine Dr Unit 44.1335600,2,Fitness Center
120 W CityLine Dr Unit 44.1335600,3,Pool
120 W CityLine Dr Unit 44.1335600,14,Dishwasher
120 W CityLine Dr Unit 44.1335600,15,Refrigerator
120 W CityLine Dr Unit 44.1335600,16,Kitchen
120 W CityLine Dr Unit 44.1335600,9,In Unit Washer & Dryer
120 W CityLine Dr Unit 44.1335600,10,Walk-In Closets
5250 Town and Country Blvd Unit 2208.521652,1,Dog & Cat Friendly
5250 Town and Country Blvd Unit 2208.521652,2,Fitness Center
5250 Town and Country Blvd Unit 2208.521652,3,Pool
5250 Town and Country Blvd Unit 2208.521652,14,Dishwasher
5250 Town and Country Blvd Unit 2208.521652,15,Refrigerator
5250 Town and Country Blvd Unit 2208.521652,16,Kitchen
5250 Town and Country Blvd Unit 2208.521652,9,In Unit Washer & Dryer
5250 Town and Country Blvd Unit 2208.521652,10,Walk-In Closets
4200 Horizon N Pkwy Unit 00839.533684,1,Dog & Cat Friendly
4200 Horizon N Pkwy Unit 00839.533684,2,Fitness Center
4200 Horizon N Pkwy Unit 00839.533684,3,Pool
4200 Horizon N Pkwy Unit 00839.533684,14,Dishwasher
4200 Horizon N Pkwy Unit 00839.533684,15,Refrigerator
4200 Horizon N Pkwy Unit 00839.533684,16,Kitchen
4200 Horizon N Pkwy Unit 00839.533684,9,In Unit Washer & Dryer
4200 Horizon N Pkwy Unit 00839.533684,10,Walk-In Closets
4200 Horizon N Pkwy Unit 00225.307868,1,Dog & Cat Friendly
4200 Horizon N Pkwy Unit 00225.307868,2,Fitness Center
4200 Horizon N Pkwy Unit 00225.307868,3,Pool
4200 Horizon N Pkwy Unit 00225.307868,14,Dishwasher
4200 Horizon N Pkwy Unit 00225.307868,15,Refrigerator
4200 Horizon N Pkwy Unit 00225.307868,16,Kitchen
4200 Horizon N Pkwy Unit 00225.307868,9,In Unit Washer & Dryer
4200 Horizon N Pkwy Unit 00225.307868,10,Walk-In Closets
4300 Horizon N Pkwy Unit 0836.332094,1,Dog & Cat Friendly
4300 Horizon N Pkwy Unit 0836.332094,2,Fitness Center
4300 Horizon N Pkwy Unit 0836.332094,3,Pool
4300 Horizon N Pkwy Unit 0836.332094,14,Dishwasher
4300 Horizon N Pkwy Unit 0836.332094,15,Refrigerator
4300 Horizon N Pkwy Unit 0836.332094,16,Kitchen
4300 Horizon N Pkwy Unit 0836.332094,9,In Unit Washer & Dryer
4300 Horizon N Pkwy Unit 0836.332094,10,Walk-In Closets
5225 Town and Country Blvd Unit 140.425031,1,Dog & Cat Friendly
5225 Town and Country Blvd Unit 140.425031,2,Fitness Center
5225 Town and Country Blvd Unit 140.425031,3,Pool
5225 Town and Country Blvd Unit 140.425031,14,Dishwasher
5225 Town and Country Blvd Unit 140.425031,15,Refrigerator
5225 Town and Country Blvd Unit 140.425031,16,Kitchen
5225 Town and Country Blvd Unit 140.425031,9,In Unit Washer & Dryer
5225 Town and Country Blvd Unit 140.425031,10,Walk-In Closets
18800 Lina St Unit 1702.942928,1,Dog & Cat Friendly
18800 Lina St Unit 1702.942928,2,Fitness Center
18800 Lina St Unit 1702.942928,3,Pool
18800 Lina St Unit 1702.942928,14,Dishwasher
18800 Lina St Unit 1702.942928,15,Refrigerator
18800 Lina St Unit 1702.942928,16,Kitchen
18800 Lina St Unit 1702.942928,9,In Unit Washer & Dryer
18800 Lina St Unit 1702.942928,10,Walk-In Closets
18333 Roehampton Dr Unit 1018,1,Dog & Cat Friendly
18333 Roehampton Dr Unit 1018,2,Fitness Center
18333 Roehampton Dr Unit 1018,3,Pool
18333 Roehampton Dr Unit 1018,14,Dishwasher
18333 Roehampton Dr Unit 1018,15,Refrigerator
18333 Roehampton Dr Unit 1018,16,Kitchen
18333 Roehampton Dr Unit 1018,9,In Unit Washer & Dryer
18333 Roehampton Dr Unit 1018,10,Walk-In Closets
1400 Hillside Dr ,1,Dog & Cat Friendly
1400 Hillside Dr ,2,Fitness Center
1400 Hillside Dr ,3,Pool
1400 Hillside Dr ,14,Dishwasher
1400 Hillside Dr ,15,Refrigerator
1400 Hillside Dr ,16,Kitchen
1400 Hillside Dr ,9,In Unit Washer & Dryer
1400 Hillside Dr ,10,Walk-In Closets
2524 Preston Rd Unit 1502,1,Dog & Cat Friendly
2524 Preston Rd Unit 1502,2,Fitness Center
2524 Preston Rd Unit 1502,3,Pool
2524 Preston Rd Unit 1502,14,Dishwasher
2524 Preston Rd Unit 1502,15,Refrigerator
2524 Preston Rd Unit 1502,16,Kitchen
2524 Preston Rd Unit 1502,9,In Unit Washer & Dryer
2524 Preston Rd Unit 1502,10,Walk-In Closets
7621 McCallum Blvd Unit 207,1,Dog & Cat Friendly
7621 McCallum Blvd Unit 207,2,Fitness Center
7621 McCallum Blvd Unit 207,3,Pool
7621 McCallum Blvd Unit 207,14,Dishwasher
7621 McCallum Blvd Unit 207,15,Refrigerator
7621 McCallum Blvd Unit 207,16,Kitchen
7621 McCallum Blvd Unit 207,9,In Unit Washer & Dryer
7621 McCallum Blvd Unit 207,10,Walk-In Closets
18333 Roehampton Dr Unit 124,1,Dog & Cat Friendly
18333 Roehampton Dr Unit 124,2,Fitness Center
18333 Roehampton Dr Unit 124,3,Pool
18333 Roehampton Dr Unit 124,14,Dishwasher
18333 Roehampton Dr Unit 124,15,Refrigerator
18333 Roehampton Dr Unit 124,16,Kitchen
18333 Roehampton Dr Unit 124,9,In Unit Washer & Dryer
18333 Roehampton Dr Unit 124,10,Walk-In Closets
Condo for Rent,1,Dog & Cat Friendly
Condo for Rent,2,Fitness Center
Condo for Rent,3,Pool
Condo for Rent,14,Dishwasher
Condo for Rent,15,Refrigerator
Condo for Rent,16,Kitchen
Condo for Rent,9,In Unit Washer & Dryer
Condo for Rent,10,Walk-In Closets
Townhome for Rent,1,Dog & Cat Friendly
Townhome for Rent,2,Fitness Center
Townhome for Rent,3,Pool
Townhome for Rent,14,Dishwasher
Townhome for Rent,15,Refrigerator
Townhome for Rent,16,Kitchen
Townhome for Rent,9,In Unit Washer & Dryer
Townhome for Rent,10,Walk-In Closets
Condo for Rent,1,Dog & Cat Friendly
Condo for Rent,2,Fitness Center
Condo for Rent,3,Pool
Condo for Rent,14,Dishwasher
Condo for Rent,15,Refrigerator
Condo for Rent,16,Kitchen
Condo for Rent,9,In Unit Washer & Dryer
Condo for Rent,10,Walk-In Closets
Condo for Rent,1,Dog & Cat Friendly
Condo for Rent,2,Fitness Center
Condo for Rent,3,Pool
Condo for Rent,14,Dishwasher
Condo for Rent,15,Refrigerator
Condo for Rent,16,Kitchen
Condo for Rent,9,In Unit Washer & Dryer
Condo for Rent,10,Walk-In Closets
Condo for Rent,1,Dog & Cat Friendly
Condo for Rent,2,Fitness Center
Condo for Rent,3,Pool
Condo for Rent,14,Dishwasher
Condo for Rent,15,Refrigerator
Condo for Rent,16,Kitchen
Condo for Rent,9,In Unit Washer & Dryer
Condo for Rent,10,Walk-In Closets
Condo for Rent,1,Dog & Cat Friendly
Condo for Rent,2,Fitness Center
Condo for Rent,3,Pool
Condo for Rent,14,Dishwasher
Condo for Rent,15,Refrigerator
Condo for Rent,16,Kitchen
Condo for Rent,9,In Unit Washer & Dryer
Condo for Rent,10,Walk-In Closets
Condo for Rent,1,Dog & Cat Friendly
Condo for Rent,2,Fitness Center
Condo for Rent,3,Pool
Condo for Rent,14,Dishwasher
Condo for Rent,15,Refrigerator
Condo for Rent,16,Kitchen
Condo for Rent,9,In Unit Washer & Dryer
Condo for Rent,10,Walk-In Closets
Condo for Rent,1,Dog & Cat Friendly
Condo for Rent,2,Fitness Center
Condo for Rent,3,Pool
Condo for Rent,14,Dishwasher
Condo for Rent,15,Refrigerator
Condo for Rent,16,Kitchen
Condo for Rent,9,In Unit Washer & Dryer
Condo for Rent,10,Walk-In Closets
Condo for Rent,1,Dog & Cat Friendly
Condo for Rent,2,Fitness Center
Condo for Rent,3,Pool
Condo for Rent,14,Dishwasher
Condo for Rent,15,Refrigerator
Condo for Rent,16,Kitchen
Condo for Rent,9,In Unit Washer & Dryer
Condo for Rent,10,Walk-In Closets
Condo for Rent,1,Dog & Cat Friendly
Condo for Rent,2,Fitness Center
Condo for Rent,3,Pool
Condo for Rent,14,Dishwasher
Condo for Rent,15,Refrigerator
Condo for Rent,16,Kitchen
Condo for Rent,9,In Unit Washer & Dryer
Condo for Rent,10,Walk-In Closets
Condo for Rent,1,Dog & Cat Friendly
Condo for Rent,2,Fitness Center
Condo for Rent,3,Pool
Condo for Rent,14,Dishwasher
Condo for Rent,15,Refrigerator
Condo for Rent,16,Kitchen
Condo for Rent,9,In Unit Washer & Dryer
Condo for Rent,10,Walk-In Closets
Condo for Rent,1,Dog & Cat Friendly
Condo for Rent,2,Fitness Center
Condo for Rent,3,Pool
Condo for Rent,14,Dishwasher
Condo for Rent,15,Refrigerator
Condo for Rent,16,Kitchen
Condo for Rent,9,In Unit Washer & Dryer
Condo for Rent,10,Walk-In Closets
Condo for Rent,1,Dog & Cat Friendly
Condo for Rent,2,Fitness Center
Condo for Rent,3,Pool
Condo for Rent,14,Dishwasher
Condo for Rent,15,Refrigerator
Condo for Rent,16,Kitchen
Condo for Rent,9,In Unit Washer & Dryer
Condo for Rent,10,Walk-In Closets
Condo for Rent,1,Dog & Cat Friendly
Condo for Rent,2,Fitness Center
Condo for Rent,3,Pool
Condo for Rent,14,Dishwasher
Condo for Rent,15,Refrigerator
Condo for Rent,16,Kitchen
Condo for Rent,9,In Unit Washer & Dryer
Condo for Rent,10,Walk-In Closets
